id,title,channelTitle,channelId,channelUrl,subscriberCount,subscriberCountText,publishedAt,publishedDate,viewCount,likeCount,commentCount,duration,videoUrl,thumbnailUrl,layers,searchLabels,visualFunctionTags,benchmarkFunction
goI_ak5caok,【国葬デモ】ひろゆきvs発起人の議員「安倍政治の美化に反対」,ABEMA Prime #アベプラ【公式】,UCB1dgsqLiEp57oDAyNV_vww,https://www.youtube.com/channel/UCB1dgsqLiEp57oDAyNV_vww,2070000,2.07M subscribers,2022-09-10T10:30:07Z,2022-09-10,16188584,,,20:45,https://www.youtube.com/watch?v=goI_ak5caok,https://i.ytimg.com/vi/goI_ak5caok/hq720.jpg?sqp=-oaymwEcCNAFEJQDSFXyq4qpAw4IARUAAIhCGAFwAcABBg==&rs=AOn4CLCJ7EDXX8vEGOBXUfwvL-TH2fms6Q,adjacent_youtube,ABEMAニュース 解説,比較/判定 | 実演/ハンズオン,比較・判定で押す棚
DR5TNUaapOs,メイク歴50年！ 研ナオコ “盛りメイク” を大公開！,VOCEchannel,UCZ9qH9bedbEp7IDhlbNJfRw,https://www.youtube.com/channel/UCZ9qH9bedbEp7IDhlbNJfRw,262000,262K subscribers,2021-07-28T09:48:17Z,2021-07-28,4401347,,,21:16,https://www.youtube.com/watch?v=DR5TNUaapOs,https://i.ytimg.com/vi/DR5TNUaapOs/hq720.jpg?sqp=-oaymwEcCNAFEJQDSFXyq4qpAw4IARUAAIhCGAFwAcABBg==&rs=AOn4CLAw8kFx_hV9lyP5Tv5Qc-LennvDyQ,direct_competitor,VOCEchannel メイク やり方,手順/チュートリアル | 手元/制作/実験,カテゴリ認識の基準棚
kLcn7x38k3Y,❤️さゆり52歳、すっぴんも大公開！ 毎日メイクのポイントを解説【ベース編】,MAQUIAチャンネル,UCh8VTSGzDk0jP3YVjubC_eA,https://www.youtube.com/channel/UCh8VTSGzDk0jP3YVjubC_eA,181000,181K subscribers,2022-04-12T10:00:25Z,2022-04-12,3968886,,,17:17,https://www.youtube.com/watch?v=kLcn7x38k3Y,https://i.ytimg.com/vi/kLcn7x38k3Y/hq720.jpg?sqp=-oaymwEcCNAFEJQDSFXyq4qpAw4IARUAAIhCGAFwAcABBg==&rs=AOn4CLBYDGh2yBhsMMy2sgvdz884biceww,direct_competitor,MAQUIAチャンネル メイク やり方,YouTubeテーマ | 手順/チュートリアル | 画面操作/ソフト学習 | 手元/制作/実験,操作画面を到達点で押す棚
fDc4nByfyaQ,東大生が本気で印象操作【騙されないで】,QuizKnock,UCQ_MqAw18jFTlBB-f8BP7dw,https://www.youtube.com/channel/UCQ_MqAw18jFTlBB-f8BP7dw,2650000,2.65M subscribers,2021-11-22T09:00:15Z,2021-11-22,3628759,,,12:32,https://www.youtube.com/watch?v=fDc4nByfyaQ,https://i.ytimg.com/vi/fDc4nByfyaQ/hq720.jpg?sqp=-oaymwEcCNAFEJQDSFXyq4qpAw4IARUAAIhCGAFwAcABBg==&rs=AOn4CLCCqYwgjkhpftJHtL0bk2a7FTybRg,adjacent_youtube,QuizKnock 解説,画面操作/ソフト学習,カテゴリ認識の基準棚
VJ4N_gtFuGo,【要約】眠れなくなるほど面白い 図解 体脂肪の話: 体脂肪の原因から対処法まで 医師がすべて解説!【土田隆】,フェルミ漫画大学,UC9V4eJBNx_hOieGG51NZ6nA,https://www.youtube.com/channel/UC9V4eJBNx_hOieGG51NZ6nA,1380000,1.38M subscribers,2021-03-10T11:00:09Z,2021-03-10,3512277,,,11:46,https://www.youtube.com/watch?v=VJ4N_gtFuGo,https://i.ytimg.com/vi/VJ4N_gtFuGo/hq720.jpg?sqp=-oaymwEcCNAFEJQDSFXyq4qpAw4IARUAAIhCGAFwAcABBg==&rs=AOn4CLBtOMgLR6VPANYpQWRJSdXjdx7Dww,adjacent_youtube,フェルミ漫画大学 要約 解説,棚観察候補,カテゴリ認識の基準棚
NTYTeYSrpRM,【東大王リスペクト企画】東大主4th〜馬鹿すぎる問題にクイズ王が本気で答える〜,QuizKnock,UCQ_MqAw18jFTlBB-f8BP7dw,https://www.youtube.com/channel/UCQ_MqAw18jFTlBB-f8BP7dw,2650000,2.65M subscribers,2022-10-26T10:00:10Z,2022-10-26,2784317,,,19:58,https://www.youtube.com/watch?v=NTYTeYSrpRM,https://i.ytimg.com/vi/NTYTeYSrpRM/hq720.jpg?sqp=-oaymwEcCNAFEJQDSFXyq4qpAw4IARUAAIhCGAFwAcABBg==&rs=AOn4CLCNLwvGQgzzII6fLrAz56opDYdklg,adjacent_youtube,QuizKnock 解説,危機/不穏 | 質問/論点装置 | 画面操作/ソフト学習 | ホワイトボード/例題,カテゴリ認識の基準棚
q-h7L6uDHSI,【マイナ保険証】なぜトラブルが発生？実は高齢者の救う改革？紙にこだわる人も？ひろゆき＆荻原博子｜アベプラ,ABEMA Prime #アベプラ【公式】,UCB1dgsqLiEp57oDAyNV_vww,https://www.youtube.com/channel/UCB1dgsqLiEp57oDAyNV_vww,2070000,2.07M subscribers,2023-05-27T10:00:39Z,2023-05-27,2738843,,,20:56,https://www.youtube.com/watch?v=q-h7L6uDHSI,https://i.ytimg.com/vi/q-h7L6uDHSI/hq720.jpg?sqp=-oaymwEcCNAFEJQDSFXyq4qpAw4IARUAAIhCGAFwAcABBg==&rs=AOn4CLAxElcJqTbkAxDeTLCuKCjSamzKZw,adjacent_youtube,ABEMAニュース 解説,質問/論点装置,カテゴリ認識の基準棚
upIHMlBVHxE,【本田圭佑前半】子どもの全国大会は必要？試合に勝る練習はない？スポーツの教育的な価値を議論｜アベプラ,ABEMA Prime #アベプラ【公式】,UCB1dgsqLiEp57oDAyNV_vww,https://www.youtube.com/channel/UCB1dgsqLiEp57oDAyNV_vww,2070000,2.07M subscribers,2023-07-04T10:00:49Z,2023-07-04,2678914,,,49:38,https://www.youtube.com/watch?v=upIHMlBVHxE,https://i.ytimg.com/vi/upIHMlBVHxE/hq720.jpg?sqp=-oaymwEcCNAFEJQDSFXyq4qpAw4IARUAAIhCGAFwAcABBg==&rs=AOn4CLBDWb9rhpXiFZMuqlPX0C75_AoZCQ,adjacent_youtube,ABEMA Prime 解説 | ABEMAニュース 解説,経営/判断材料 | 教育カテゴリ認識,カテゴリ認識の基準棚
6_xZS-QT11g,東大卒なら当時習ってない義務教育も解けるよね？,QuizKnock,UCQ_MqAw18jFTlBB-f8BP7dw,https://www.youtube.com/channel/UCQ_MqAw18jFTlBB-f8BP7dw,2650000,2.65M subscribers,2023-04-13T09:00:05Z,2023-04-13,2648773,,,12:11,https://www.youtube.com/watch?v=6_xZS-QT11g,https://i.ytimg.com/vi/6_xZS-QT11g/hq720.jpg?sqp=-oaymwEcCNAFEJQDSFXyq4qpAw4IARUAAIhCGAFwAcABBg==&rs=AOn4CLAvXT4gTODF6FYdE3Ad7cQRlFCpBg,adjacent_youtube,QuizKnock 解説 | QuizKnockと学ぼう 解説,経営/判断材料 | 教育カテゴリ認識 | 画面操作/ソフト学習,カテゴリ認識の基準棚
-F5mpkb5wrc,[All you need is one frying pan] A Japanese master teaches you how to make simmered pork belly wi...,Kurashiru [クラシル],UCE40kwov-UdhGikwAowjAAQ,https://www.youtube.com/channel/UCE40kwov-UdhGikwAowjAAQ,1760000,1.76M subscribers,2022-03-24T08:45:01Z,2022-03-24,2512584,,,12:02,https://www.youtube.com/watch?v=-F5mpkb5wrc,https://i.ytimg.com/vi/-F5mpkb5wrc/hq720.jpg?sqp=-oaymwEcCNAFEJQDSFXyq4qpAw4IARUAAIhCGAFwAcABBg==&rs=AOn4CLDZnSP_iEjJLFLsDyHHpqIJevz_Dw,direct_competitor,Kurashiru クラシル 基本 レシピ,手順/チュートリアル,カテゴリ認識の基準棚
Eo2FKyKgIIA,【クルド人】なぜ衝突が？100人乱闘はデマ？ネットでは攻撃も？ひろゆきと考える難民申請&入管法改正｜アベプラ,ABEMA Prime #アベプラ【公式】,UCB1dgsqLiEp57oDAyNV_vww,https://www.youtube.com/channel/UCB1dgsqLiEp57oDAyNV_vww,2070000,2.07M subscribers,2023-07-08T10:00:10Z,2023-07-08,2354732,,,16:26,https://www.youtube.com/watch?v=Eo2FKyKgIIA,https://i.ytimg.com/vi/Eo2FKyKgIIA/hq720.jpg?sqp=-oaymwEcCNAFEJQDSFXyq4qpAw4IARUAAIhCGAFwAcABBg==&rs=AOn4CLBqUbeAWCvEhbW4iaPm1q4kq_fufQ,adjacent_youtube,ABEMAニュース 解説,質問/論点装置,カテゴリ認識の基準棚
dvX8kJpTKYI,【至極のパスタ】14年連続ミシュラン一つ星シェフが教える“最高のボロネーゼ“の作り方 【ピアットスズキ・鈴木弥平】クラシル #シェフのレシピ帖,Kurashiru [クラシル],UCE40kwov-UdhGikwAowjAAQ,https://www.youtube.com/channel/UCE40kwov-UdhGikwAowjAAQ,1760000,1.76M subscribers,2022-02-03T08:45:02Z,2022-02-03,2195843,,,19:10,https://www.youtube.com/watch?v=dvX8kJpTKYI,https://i.ytimg.com/vi/dvX8kJpTKYI/hq720.jpg?sqp=-oaymwEcCNAFEJQDSFXyq4qpAw4IARUAAIhCGAFwAcABBg==&rs=AOn4CLBZEHaa-_cTFXeE_I70hUIb_9bOXw,direct_competitor,Kurashiru クラシル 基本 レシピ,手順/チュートリアル,カテゴリ認識の基準棚
oz3Ljtymsz0,【စိန်ခေါ်မှု】言語学オリンピックの問題って暗号解読じゃない？,QuizKnock,UCQ_MqAw18jFTlBB-f8BP7dw,https://www.youtube.com/channel/UCQ_MqAw18jFTlBB-f8BP7dw,2650000,2.65M subscribers,2022-11-19T10:30:11Z,2022-11-19,2097456,,,15:08,https://www.youtube.com/watch?v=oz3Ljtymsz0,https://i.ytimg.com/vi/oz3Ljtymsz0/hq720.jpg?sqp=-oaymwEcCNAFEJQDSFXyq4qpAw4IARUAAIhCGAFwAcABBg==&rs=AOn4CLDBZqqdfXAwfSPAPUd9xgTN8M431Q,adjacent_youtube,QuizKnock 解説,危機/不穏 | 画面操作/ソフト学習 | ホワイトボード/例題,カテゴリ認識の基準棚
w20nAgVoch0,東大生クイズ王が「暗記」のポイントを解説します。,QuizKnock,UCQ_MqAw18jFTlBB-f8BP7dw,https://www.youtube.com/channel/UCQ_MqAw18jFTlBB-f8BP7dw,2650000,2.65M subscribers,2017-08-11T03:21:23Z,2017-08-11,2088032,,,11:42,https://www.youtube.com/watch?v=w20nAgVoch0,https://i.ytimg.com/vi/w20nAgVoch0/hq720.jpg?sqp=-oaymwEcCNAFEJQDSFXyq4qpAw4IARUAAIhCGAFwAcABBg==&rs=AOn4CLBnOc4w3CsDcYnAEyuExinaOUEnOg,adjacent_youtube,QuizKnock 解説,画面操作/ソフト学習,カテゴリ認識の基準棚
h_wwbSje48I,【要約】頭のいい人が話す前に考えていること【安達裕哉】,フェルミ漫画大学,UC9V4eJBNx_hOieGG51NZ6nA,https://www.youtube.com/channel/UC9V4eJBNx_hOieGG51NZ6nA,1380000,1.38M subscribers,2023-05-22T11:00:25Z,2023-05-22,1911581,,,23:22,https://www.youtube.com/watch?v=h_wwbSje48I,https://i.ytimg.com/vi/h_wwbSje48I/hq720.jpg?sqp=-oaymwEcCNAFEJQDSFXyq4qpAw4IARUAAIhCGAFwAcABBg==&rs=AOn4CLDZSGymG22IZEt8P3wZ-zcSHn_v6Q,adjacent_youtube,フェルミ漫画大学 要約 解説,棚観察候補,カテゴリ認識の基準棚
IogvNoVKq-E,【永久保存版】老舗名門店三代目・野永喜三夫が教える究極の肉じゃが 【日本橋ゆかり三代目・野永喜三夫】｜クラシル #シェフのレシピ帖,Kurashiru [クラシル],UCE40kwov-UdhGikwAowjAAQ,https://www.youtube.com/channel/UCE40kwov-UdhGikwAowjAAQ,1760000,1.76M subscribers,2020-12-08T09:00:04Z,2020-12-08,1905903,,,10:06,https://www.youtube.com/watch?v=IogvNoVKq-E,https://i.ytimg.com/vi/IogvNoVKq-E/hq720.jpg?sqp=-oaymwEcCNAFEJQDSFXyq4qpAw4IARUAAIhCGAFwAcABBg==&rs=AOn4CLA0iDm1zPliSQ0S8aQT4AF3PhBaZQ,direct_competitor,Kurashiru クラシル 基本 レシピ,棚観察候補,カテゴリ認識の基準棚
D8QrG8aqoEM,【新NISA】ひろゆき&税理士･大河内薫が解説！何から始めるべき？つみたて投資枠は安全？お金の勉強ってどうする？｜アベプラ,ABEMA Prime #アベプラ【公式】,UCB1dgsqLiEp57oDAyNV_vww,https://www.youtube.com/channel/UCB1dgsqLiEp57oDAyNV_vww,2070000,2.07M subscribers,2023-11-18T10:00:11Z,2023-11-18,1825284,,,16:46,https://www.youtube.com/watch?v=D8QrG8aqoEM,https://i.ytimg.com/vi/D8QrG8aqoEM/hq720.jpg?sqp=-oaymwEcCNAFEJQDSFXyq4qpAw4IARUAAIhCGAFwAcABBg==&rs=AOn4CLBcHY_3wDEEdUvUa3KkXvc1z9vi0Q,adjacent_youtube,ABEMA Prime 解説 | ABEMAニュース 解説,教育カテゴリ認識,カテゴリ認識の基準棚
uM0ysLnqfM4,【過激派】コロナは革命チャンス？中核派が半世紀ぶりにトップを担いだ狙いは？ユーチューブでのオルグも散見 なぜ今も暴力を肯定するのか？中核派若手リーダーに聞く｜#アベプラ《アベマで放送中》,ABEMA Prime #アベプラ【公式】,UCB1dgsqLiEp57oDAyNV_vww,https://www.youtube.com/channel/UCB1dgsqLiEp57oDAyNV_vww,2070000,2.07M subscribers,2021-05-27T10:00:34Z,2021-05-27,1758590,,,6:00,https://www.youtube.com/watch?v=uM0ysLnqfM4,https://i.ytimg.com/vi/uM0ysLnqfM4/hq720.jpg?sqp=-oaymwEcCNAFEJQDSFXyq4qpAw4IARUAAIhCGAFwAcABBg==&rs=AOn4CLCbbvuRlR07ly-j5cPFMuCEgvDUxQ,adjacent_youtube,ABEMAニュース 解説,成功/権威 | 質問/論点装置 | YouTubeテーマ,カテゴリ認識の基準棚
xljlNTeBX8w,【初心者でも簡単！】束石の固定方法【コメリHowtoなび】,コメリ公式チャンネル,UCaiHSqdVK99hoFO2Y7MTSQw,https://www.youtube.com/channel/UCaiHSqdVK99hoFO2Y7MTSQw,98100,98.1K subscribers,2015-10-20T09:37:55Z,2015-10-20,1710709,,,3:13,https://www.youtube.com/watch?v=xljlNTeBX8w,https://i.ytimg.com/vi/xljlNTeBX8w/hq720.jpg?sqp=-oaymwEcCNAFEJQDSFXyq4qpAw4IARUAAIhCGAFwAcABBg==&rs=AOn4CLAjv0K8WT3ote3u9mcdT9BU9pBtmQ,direct_competitor,コメリ公式 Howto DIY,YouTubeテーマ | 初心者導入 | 手元/制作/実験,カテゴリ認識の基準棚
iXv4lIXyi-g,キットで作ろう！簡単快適二重窓【コメリHowtoなび】,コメリ公式チャンネル,UCaiHSqdVK99hoFO2Y7MTSQw,https://www.youtube.com/channel/UCaiHSqdVK99hoFO2Y7MTSQw,98100,98.1K subscribers,2015-10-06T10:21:49Z,2015-10-06,1669467,,,4:09,https://www.youtube.com/watch?v=iXv4lIXyi-g,https://i.ytimg.com/vi/iXv4lIXyi-g/hq720.jpg?sqp=-oaymwEcCNAFEJQDSFXyq4qpAw4IARUAAIhCGAFwAcABBg==&rs=AOn4CLD-YxoYEaHgQhpCWUFZYn30U5uB6g,direct_competitor,コメリ公式 Howto DIY,YouTubeテーマ | 手元/制作/実験,カテゴリ認識の基準棚
xkvXyyklTvE,【要約】ザ・シークレット【ロンダ・バーン】,フェルミ漫画大学,UC9V4eJBNx_hOieGG51NZ6nA,https://www.youtube.com/channel/UC9V4eJBNx_hOieGG51NZ6nA,1380000,1.38M subscribers,2023-02-15T11:00:45Z,2023-02-15,1469450,,,26:27,https://www.youtube.com/watch?v=xkvXyyklTvE,https://i.ytimg.com/vi/xkvXyyklTvE/hq720.jpg?sqp=-oaymwEcCNAFEJQDSFXyq4qpAw4IARUAAIhCGAFwAcABBg==&rs=AOn4CLABbaSFu6mBLB9GVMsJxWjvBY4YVA,adjacent_youtube,フェルミ漫画大学 要約 解説,棚観察候補,カテゴリ認識の基準棚
ptT6n49vGqc,【東大流】偏差値って何？マイナス×マイナスは何故プラス？勉強教え対決,QuizKnock,UCQ_MqAw18jFTlBB-f8BP7dw,https://www.youtube.com/channel/UCQ_MqAw18jFTlBB-f8BP7dw,2650000,2.65M subscribers,2020-05-28T09:30:03Z,2020-05-28,1468858,,,14:20,https://www.youtube.com/watch?v=ptT6n49vGqc,https://i.ytimg.com/vi/ptT6n49vGqc/hq720.jpg?sqp=-oaymwEcCNAFEJQDSFXyq4qpAw4IARUAAIhCGAFwAcABBg==&rs=AOn4CLAPKXvfmNUBgHl5I1ufS8UYJcwkkg,adjacent_youtube,QuizKnock 解説,教育カテゴリ認識 | 画面操作/ソフト学習,カテゴリ認識の基準棚
ehvBVl5Aun4,【単管パイプで日よけづくり】単管パイプの基本的な使い方【コメリHowtoなび】,コメリ公式チャンネル,UCaiHSqdVK99hoFO2Y7MTSQw,https://www.youtube.com/channel/UCaiHSqdVK99hoFO2Y7MTSQw,98100,98.1K subscribers,2014-08-28T01:41:10Z,2014-08-28,1400848,,,3:30,https://www.youtube.com/watch?v=ehvBVl5Aun4,https://i.ytimg.com/vi/ehvBVl5Aun4/hq720.jpg?sqp=-oaymwEcCNAFEJQDSFXyq4qpAw4IARUAAIhCGAFwAcABBg==&rs=AOn4CLD4rL6RWq0iySIrOUrXOhrpDWWtiw,direct_competitor,コメリ公式 Howto DIY,YouTubeテーマ | 手順/チュートリアル | 手元/制作/実験,カテゴリ認識の基準棚
bLAYhZ2VU-I,伊沢拓司にまつわる数字1729とは？ふくらP数学解説,QuizKnock会議中【サブチャンネル】,UCdvci38aZHC_5qKPyL8BPcA,https://www.youtube.com/channel/UCdvci38aZHC_5qKPyL8BPcA,730000,730K subscribers,2020-05-12T08:00:17Z,2020-05-12,1352633,,,13:54,https://www.youtube.com/watch?v=bLAYhZ2VU-I,https://i.ytimg.com/vi/bLAYhZ2VU-I/hq720.jpg?sqp=-oaymwEcCNAFEJQDSFXyq4qpAw4IARUAAIhCGAFwAcABBg==&rs=AOn4CLAuOLwmGgb6zG_GbroXqnUwJu64Bg,adjacent_youtube,QuizKnock 解説,YouTubeテーマ | 画面操作/ソフト学習 | ホワイトボード/例題,カテゴリ認識の基準棚
CV4oK6yLFCg,【要約】習慣が10割【吉井雅之】,フェルミ漫画大学,UC9V4eJBNx_hOieGG51NZ6nA,https://www.youtube.com/channel/UC9V4eJBNx_hOieGG51NZ6nA,1380000,1.38M subscribers,2021-09-25T11:00:07Z,2021-09-25,1193890,,,18:27,https://www.youtube.com/watch?v=CV4oK6yLFCg,https://i.ytimg.com/vi/CV4oK6yLFCg/hq720.jpg?sqp=-oaymwEcCNAFEJQDSFXyq4qpAw4IARUAAIhCGAFwAcABBg==&rs=AOn4CLD3yjejp5MuFlf6aTCVF8GIZy7wRg,adjacent_youtube,フェルミ漫画大学 要約 解説,棚観察候補,カテゴリ認識の基準棚
n9bD5hOMkGI,MEGUMIさんの毎日メイク、全部見せます！,MAQUIAチャンネル,UCh8VTSGzDk0jP3YVjubC_eA,https://www.youtube.com/channel/UCh8VTSGzDk0jP3YVjubC_eA,181000,181K subscribers,2023-02-25T12:00:27Z,2023-02-25,1166881,,,31:08,https://www.youtube.com/watch?v=n9bD5hOMkGI,https://i.ytimg.com/vi/n9bD5hOMkGI/hq720.jpg?sqp=-oaymwEcCNAFEJQDSFXyq4qpAw4IARUAAIhCGAFwAcABBg==&rs=AOn4CLDW11394Wwz71eQ3tvoHhQJrRLdOw,direct_competitor,MAQUIAチャンネル メイク やり方,YouTubeテーマ | 手順/チュートリアル | 画面操作/ソフト学習 | 手元/制作/実験,操作画面を到達点で押す棚
3nx1pAzpGak,【要約】無（最高の状態）【鈴木祐】,フェルミ漫画大学,UC9V4eJBNx_hOieGG51NZ6nA,https://www.youtube.com/channel/UC9V4eJBNx_hOieGG51NZ6nA,1380000,1.38M subscribers,2021-09-01T11:00:01Z,2021-09-01,1140478,,,19:57,https://www.youtube.com/watch?v=3nx1pAzpGak,https://i.ytimg.com/vi/3nx1pAzpGak/hq720.jpg?sqp=-oaymwEcCNAFEJQDSFXyq4qpAw4IARUAAIhCGAFwAcABBg==&rs=AOn4CLBWtSnqP_WxYCKvZhzuVoVEJLjcrg,adjacent_youtube,フェルミ漫画大学 要約 解説,棚観察候補,カテゴリ認識の基準棚
LDXTbgqEyKo,【認知症を防ぐライフスタイル】脳の老化の仕組み／リスクを高める行動／お酒は脳に悪いのか／新しい挑戦で脳に刺激を／認知症かなと思ったら／高齢者医療専門医・山田悠史医師が解説【PIVOT HEALTH】,PIVOT 公式チャンネル,UC8yHePe_RgUBE-waRWy6olw,https://www.youtube.com/channel/UC8yHePe_RgUBE-waRWy6olw,3940000,3.94M subscribers,2024-11-25T22:00:21Z,2024-11-25,1092543,,,46:53,https://www.youtube.com/watch?v=LDXTbgqEyKo,https://i.ytimg.com/vi/LDXTbgqEyKo/hq720.jpg?sqp=-oaymwEcCNAFEJQDSFXyq4qpAw4IARUAAIhCGAFwAcABBg==&rs=AOn4CLCPybe_Kds2z7C1KnqNuY9ma_LfPw,adjacent_youtube,PIVOT 公式 解説,YouTubeテーマ,カテゴリ認識の基準棚
LtUCwieNDls,[No failure!] How to make soft boiled eggs ♪ We also introduce boiling time and seasoning methods!,デリッシュキッチン,UC4YYMfsqUrejYXKnV--BydQ,https://www.youtube.com/channel/UC4YYMfsqUrejYXKnV--BydQ,1360000,1.36M subscribers,2021-04-22T11:00:07Z,2021-04-22,1059339,,,6:19,https://www.youtube.com/watch?v=LtUCwieNDls,https://i.ytimg.com/vi/LtUCwieNDls/hq720.jpg?sqp=-oaymwEcCNAFEJQDSFXyq4qpAw4IARUAAIhCGAFwAcABBg==&rs=AOn4CLDqzICQ2S7uZBCc1v4t55uY0w9mUA,direct_competitor,DELISH KITCHEN 基本 レシピ,危機/不穏 | 手順/チュートリアル,カテゴリ認識の基準棚
RT9yYZwrUtc,【プロ解説】エミンユルマズ直伝“いい会社を見抜く”四季報スキルセット／任天堂の強さは自己資本比率／株価チャートは一番最後に見る／2030年日経平均株価予想【MONEY SKILL SET EXTRA】,PIVOT 公式チャンネル,UC8yHePe_RgUBE-waRWy6olw,https://www.youtube.com/channel/UC8yHePe_RgUBE-waRWy6olw,3940000,3.94M subscribers,2023-09-27T11:00:21Z,2023-09-27,1036947,,,27:27,https://www.youtube.com/watch?v=RT9yYZwrUtc,https://i.ytimg.com/vi/RT9yYZwrUtc/hq720.jpg?sqp=-oaymwEcCNAFEJQDSFXyq4qpAw4IARUAAIhCGAFwAcABBg==&rs=AOn4CLC_2nt2fjN1qvSHuJAJV5i70-BShQ,adjacent_youtube,PIVOT 公式 解説,YouTubeテーマ,カテゴリ認識の基準棚
bSE6HsNUca4,【単管パイプ】セメントを使ったポールの立て方【コメリHowtoなび】,コメリ公式チャンネル,UCaiHSqdVK99hoFO2Y7MTSQw,https://www.youtube.com/channel/UCaiHSqdVK99hoFO2Y7MTSQw,98100,98.1K subscribers,2014-11-13T00:26:50Z,2014-11-13,1022214,,,3:30,https://www.youtube.com/watch?v=bSE6HsNUca4,https://i.ytimg.com/vi/bSE6HsNUca4/hq720.jpg?sqp=-oaymwEcCNAFEJQDSFXyq4qpAw4IARUAAIhCGAFwAcABBg==&rs=AOn4CLDslzOmbdVLRyTXKSMvDO1UkMryZg,direct_competitor,コメリ公式 Howto DIY,YouTubeテーマ | 手元/制作/実験,カテゴリ認識の基準棚
1IeqblkYSkY,【専門店級】唐揚げの作り方♪【家庭で簡単にジューシーに仕上げる裏技を紹介！】,デリッシュキッチン,UC4YYMfsqUrejYXKnV--BydQ,https://www.youtube.com/channel/UC4YYMfsqUrejYXKnV--BydQ,1360000,1.36M subscribers,2021-06-12T11:00:01Z,2021-06-12,1021571,,,16:54,https://www.youtube.com/watch?v=1IeqblkYSkY,https://i.ytimg.com/vi/1IeqblkYSkY/hq720.jpg?sqp=-oaymwEcCNAFEJQDSFXyq4qpAw4IARUAAIhCGAFwAcABBg==&rs=AOn4CLAziHn5-1yeGnF0sgBZfbi3upRlTA,direct_competitor,DELISH KITCHEN 基本 レシピ,手順/チュートリアル,カテゴリ認識の基準棚
lkZNeaTd6_w,【要約】行動経済学が最強の学問である【相良奈美香】,フェルミ漫画大学,UC9V4eJBNx_hOieGG51NZ6nA,https://www.youtube.com/channel/UC9V4eJBNx_hOieGG51NZ6nA,1380000,1.38M subscribers,2023-11-07T11:00:45Z,2023-11-07,977840,,,24:43,https://www.youtube.com/watch?v=lkZNeaTd6_w,https://i.ytimg.com/vi/lkZNeaTd6_w/hq720.jpg?sqp=-oaymwEcCNAFEJQDSFXyq4qpAw4IARUAAIhCGAFwAcABBg==&rs=AOn4CLAXXcc8KsS7uX4QGt1FxUMqNY_Rhw,adjacent_youtube,フェルミ漫画大学 要約 解説,棚観察候補,カテゴリ認識の基準棚
mZe3Dx5B0j0,[Anyone can enjoy the best taste!] Easy Chicken Nanban Recipe! How to make sweet and sour tartar ...,デリッシュキッチン,UC4YYMfsqUrejYXKnV--BydQ,https://www.youtube.com/channel/UC4YYMfsqUrejYXKnV--BydQ,1360000,1.36M subscribers,2021-08-12T11:00:32Z,2021-08-12,971063,,,19:08,https://www.youtube.com/watch?v=mZe3Dx5B0j0,https://i.ytimg.com/vi/mZe3Dx5B0j0/hq720.jpg?sqp=-oaymwEcCNAFEJQDSFXyq4qpAw4IARUAAIhCGAFwAcABBg==&rs=AOn4CLAn5kkW5SSWXxyqu0zqLbHnZMWXpw,direct_competitor,DELISH KITCHEN 基本 レシピ,手順/チュートリアル,カテゴリ認識の基準棚
V5uPorxLKY8,[No Failure] How to make a rich and creamy carbonara from a chef with 14 consecutive years of 1 s...,Kurashiru [クラシル],UCE40kwov-UdhGikwAowjAAQ,https://www.youtube.com/channel/UCE40kwov-UdhGikwAowjAAQ,1760000,1.76M subscribers,2022-02-10T08:45:01Z,2022-02-10,957859,,,10:20,https://www.youtube.com/watch?v=V5uPorxLKY8,https://i.ytimg.com/vi/V5uPorxLKY8/hqdefault.jpg?sqp=-oaymwEcCOADEI4CSFXyq4qpAw4IARUAAIhCGAFwAcABBg==&rs=AOn4CLC3fMHaQl7esmee22ZkqkzsBezq5g,direct_competitor,Kurashiru クラシル 基本 レシピ,危機/不穏 | 手順/チュートリアル,カテゴリ認識の基準棚
njM7YsdntME,【水と味噌だけ、ここまで美味くなる】レジェンドシェフ直伝の豚汁の作り方。炒めない・出汁は不要・余計なものはいらない、素材の旨味の本質だけを極めた至極の豚汁【野﨑洋光】｜#クラシル #シェフのレシピ帖,Kurashiru [クラシル],UCE40kwov-UdhGikwAowjAAQ,https://www.youtube.com/channel/UCE40kwov-UdhGikwAowjAAQ,1760000,1.76M subscribers,2025-02-16T11:00:58Z,2025-02-16,867802,,,18:51,https://www.youtube.com/watch?v=njM7YsdntME,https://i.ytimg.com/vi/njM7YsdntME/hq720.jpg?sqp=-oaymwEcCNAFEJQDSFXyq4qpAw4IARUAAIhCGAFwAcABBg==&rs=AOn4CLBMslWm7Ufz4meqpOMwBFcqFUQRdQ,direct_competitor,Kurashiru クラシル 基本 レシピ,手順/チュートリアル,カテゴリ認識の基準棚
TgDxqCOHzuU,【永久保存版】煮ないで！常識を覆す 現代版ぶり大根の作り方【野﨑洋光】｜クラシル #シェフのレシピ帖,Kurashiru [クラシル],UCE40kwov-UdhGikwAowjAAQ,https://www.youtube.com/channel/UCE40kwov-UdhGikwAowjAAQ,1760000,1.76M subscribers,2024-02-13T11:00:32Z,2024-02-13,829828,,,11:27,https://www.youtube.com/watch?v=TgDxqCOHzuU,https://i.ytimg.com/vi/TgDxqCOHzuU/hq720.jpg?sqp=-oaymwEcCNAFEJQDSFXyq4qpAw4IARUAAIhCGAFwAcABBg==&rs=AOn4CLDpZBXjSLVmQcWgYZY5r6_Vzj5pVw,direct_competitor,Kurashiru クラシル 基本 レシピ,手順/チュートリアル,カテゴリ認識の基準棚
VI2oyn6APXU,誰でもできる、車の小キズの補修方法【コメリHowtoなび】,コメリ公式チャンネル,UCaiHSqdVK99hoFO2Y7MTSQw,https://www.youtube.com/channel/UCaiHSqdVK99hoFO2Y7MTSQw,98100,98.1K subscribers,2015-04-29T12:37:37Z,2015-04-29,776020,,,4:52,https://www.youtube.com/watch?v=VI2oyn6APXU,https://i.ytimg.com/vi/VI2oyn6APXU/hq720.jpg?sqp=-oaymwEcCNAFEJQDSFXyq4qpAw4IARUAAIhCGAFwAcABBg==&rs=AOn4CLCiQy0oaDaW6vtvvUWZMRVcBn_F3g,direct_competitor,コメリ公式 Howto DIY,YouTubeテーマ | 手元/制作/実験,カテゴリ認識の基準棚
dXoIiPDvB_8,【失敗ゼロ！】ふわふわシフォンケーキの作り方♪【初心者向けにプロが丁寧解説！】,デリッシュキッチン,UC4YYMfsqUrejYXKnV--BydQ,https://www.youtube.com/channel/UC4YYMfsqUrejYXKnV--BydQ,1360000,1.36M subscribers,2021-06-19T11:00:28Z,2021-06-19,774320,,,12:33,https://www.youtube.com/watch?v=dXoIiPDvB_8,https://i.ytimg.com/vi/dXoIiPDvB_8/hq720.jpg?sqp=-oaymwEcCNAFEJQDSFXyq4qpAw4IARUAAIhCGAFwAcABBg==&rs=AOn4CLAvGKq-R_HC5VQQT075P4Ic80rVPQ,direct_competitor,DELISH KITCHEN 基本 レシピ,危機/不穏 | 手順/チュートリアル | 初心者導入,初心者安心と手順感で押す棚
YY-X-isM_bA,【 動画編集 】初心者向け！動画編集の基本【2025年】 | PowerDirector,PowerDirector Japan - 動画編集,UCRPFJ4MeCSEJiu6FUiAPAzw,https://www.youtube.com/channel/UCRPFJ4MeCSEJiu6FUiAPAzw,78600,78.6K subscribers,2021-04-30T12:00:12Z,2021-04-30,709477,,,8:27,https://www.youtube.com/watch?v=YY-X-isM_bA,https://i.ytimg.com/vi/YY-X-isM_bA/hq720.jpg?sqp=-oaymwEcCNAFEJQDSFXyq4qpAw4IARUAAIhCGAFwAcABBg==&rs=AOn4CLDzkPDhWCnkenxajIVI7jAE7C865A,direct_competitor,PowerDirector Japan 使い方,手順/チュートリアル | 初心者導入,初心者安心と手順感で押す棚
mFriErgd3sQ,ミシュラン三ツ星「菊乃井」野菜の煮き合わせ｜村田 吉弘氏｜【サステナブル】【日本料理アカデミー】【ズバリ、日本料理】【炊き合わせ】,料理王国,UCfUOJ3KybskczP3gTvaB2BQ,https://www.youtube.com/channel/UCfUOJ3KybskczP3gTvaB2BQ,272000,272K subscribers,2022-11-03T11:00:08Z,2022-11-03,706072,,,29:21,https://www.youtube.com/watch?v=mFriErgd3sQ,https://i.ytimg.com/vi/mFriErgd3sQ/hq720.jpg?sqp=-oaymwEcCNAFEJQDSFXyq4qpAw4IARUAAIhCGAFwAcABBg==&rs=AOn4CLDmKR9mIBQg-RTgUI7-chSftep6lw,direct_competitor,料理王国 基本 解説,手元/制作/実験,カテゴリ認識の基準棚
5MFxfHO84iU,円周率が3.05より大きいことを証明します！【鶴崎のよくわかる解説】,QuizKnockと学ぼう,UCuG5vlhQYE5VE-pTTxINi3g,https://www.youtube.com/channel/UCuG5vlhQYE5VE-pTTxINi3g,539000,539K subscribers,2024-11-10T09:00:07Z,2024-11-10,698345,,,15:16,https://www.youtube.com/watch?v=5MFxfHO84iU,https://i.ytimg.com/vi/5MFxfHO84iU/hq720.jpg?sqp=-oaymwEcCNAFEJQDSFXyq4qpAw4IARUAAIhCGAFwAcABBg==&rs=AOn4CLA22HCnk4vbYv-7eHUpOgxefHGifw,adjacent_youtube,QuizKnock 解説 | QuizKnockと学ぼう 解説,画面操作/ソフト学習,カテゴリ認識の基準棚
P87Z3n202yA,【人気の朝ごはん9選】簡単レシピで10分以内に作れる♪｜デリッシュキッチン,デリッシュキッチン,UC4YYMfsqUrejYXKnV--BydQ,https://www.youtube.com/channel/UC4YYMfsqUrejYXKnV--BydQ,1360000,1.36M subscribers,2020-05-08T15:00:11Z,2020-05-08,689495,,,7:54,https://www.youtube.com/watch?v=P87Z3n202yA,https://i.ytimg.com/vi/P87Z3n202yA/hq720.jpg?sqp=-oaymwEcCNAFEJQDSFXyq4qpAw4IARUAAIhCGAFwAcABBg==&rs=AOn4CLAbjU78KtpHIlMGcNsozy8NG6eoxA,direct_competitor,DELISH KITCHEN 基本 レシピ,比較/判定,比較・判定で押す棚
rhTyx3jSxeo,【税金の仕組みが全てわかる】山田真哉が完全図解解説／ふるさと納税「ワンストップ特例制度」誕生の背景／額面と手取りの差額どう決まる？／サラリーマン増税の真実【MONEY SKILL SET EXTRA】,PIVOT 公式チャンネル,UC8yHePe_RgUBE-waRWy6olw,https://www.youtube.com/channel/UC8yHePe_RgUBE-waRWy6olw,3940000,3.94M subscribers,2024-01-15T11:00:45Z,2024-01-15,682250,,,30:12,https://www.youtube.com/watch?v=rhTyx3jSxeo,https://i.ytimg.com/vi/rhTyx3jSxeo/hq720.jpg?sqp=-oaymwEcCNAFEJQDSFXyq4qpAw4IARUAAIhCGAFwAcABBg==&rs=AOn4CLBt3KX4VywQVApNnRQEa0YSlB4DLw,adjacent_youtube,PIVOT 公式 解説,成功/権威 | YouTubeテーマ,カテゴリ認識の基準棚
sOWAyr1A6CQ,[How to make delicious yakisoba] Introducing a recipe that turns store-bought yakisoba into a del...,デリッシュキッチン,UC4YYMfsqUrejYXKnV--BydQ,https://www.youtube.com/channel/UC4YYMfsqUrejYXKnV--BydQ,1360000,1.36M subscribers,2021-12-02T11:00:33Z,2021-12-02,668266,,,7:17,https://www.youtube.com/watch?v=sOWAyr1A6CQ,https://i.ytimg.com/vi/sOWAyr1A6CQ/hq720.jpg?sqp=-oaymwEcCNAFEJQDSFXyq4qpAw4IARUAAIhCGAFwAcABBg==&rs=AOn4CLDrUD-hR0cLJG8dtvYGdg2w93FUzg,direct_competitor,DELISH KITCHEN 基本 レシピ,手順/チュートリアル,カテゴリ認識の基準棚
6LQIxNHK0lA,【シン・鶴崎王】鶴崎本人に解説してもらった【本人登場】,QuizKnock会議中【サブチャンネル】,UCdvci38aZHC_5qKPyL8BPcA,https://www.youtube.com/channel/UCdvci38aZHC_5qKPyL8BPcA,730000,730K subscribers,2023-03-15T12:00:08Z,2023-03-15,667012,,,21:18,https://www.youtube.com/watch?v=6LQIxNHK0lA,https://i.ytimg.com/vi/6LQIxNHK0lA/hq720.jpg?sqp=-oaymwEcCNAFEJQDSFXyq4qpAw4IARUAAIhCGAFwAcABBg==&rs=AOn4CLCf9HuhZjAHYodqDkY7oS8l34qeKg,adjacent_youtube,QuizKnock 解説,YouTubeテーマ | 画面操作/ソフト学習,カテゴリ認識の基準棚
jymwJtN7imI,「バブルがはじけてることが表に出てくる1年になる」マンション価格が４割下がる可能性も？投資のプロが解説する投資で失敗しない法則2026年版【エミン・ユルマズ×滝島一統／加藤浩次】2Sides,NewsPicks /ニューズピックス,UCfTnJmRQP79C4y_BMF_XrlA,https://www.youtube.com/channel/UCfTnJmRQP79C4y_BMF_XrlA,2190000,2.19M subscribers,2026-01-13T10:01:25Z,2026-01-13,609763,,,16:11,https://www.youtube.com/watch?v=jymwJtN7imI,https://i.ytimg.com/vi/jymwJtN7imI/hq720.jpg?sqp=-oaymwEcCNAFEJQDSFXyq4qpAw4IARUAAIhCGAFwAcABBg==&rs=AOn4CLDRa8wxCML-OEU1I69bqogqY8xXoQ,adjacent_youtube,NewsPicks 解説,成功/権威 | 危機/不穏,カテゴリ認識の基準棚
TC68mhFfOAg,【森香澄のあざとメイク】接近戦に強い！ きゅん♡とさせるメイクテクを紹介,MAQUIAチャンネル,UCh8VTSGzDk0jP3YVjubC_eA,https://www.youtube.com/channel/UCh8VTSGzDk0jP3YVjubC_eA,181000,181K subscribers,2023-09-09T13:00:18Z,2023-09-09,606157,,,33:07,https://www.youtube.com/watch?v=TC68mhFfOAg,https://i.ytimg.com/vi/TC68mhFfOAg/hq720.jpg?sqp=-oaymwEcCNAFEJQDSFXyq4qpAw4IARUAAIhCGAFwAcABBg==&rs=AOn4CLBSJj7H2hXaTjAg0vEahpPYi7HOpw,direct_competitor,MAQUIAチャンネル メイク やり方,YouTubeテーマ | 手順/チュートリアル | 画面操作/ソフト学習 | 手元/制作/実験,操作画面を到達点で押す棚
73mBjXghyKQ,便利でカワイイ！進化する文房具、ストレスフリーな蛍光ペン、キャップ一体こどもハサミ【Nスタ解説】｜TBS NEWS DIG,TBS NEWS DIG Powered by JNN,UC6AG81pAkf6Lbi_1VC5NmPA,https://www.youtube.com/channel/UC6AG81pAkf6Lbi_1VC5NmPA,3280000,3.28M subscribers,2025-02-19T12:17:05Z,2025-02-19,575744,,,11:01,https://www.youtube.com/watch?v=73mBjXghyKQ,https://i.ytimg.com/vi/73mBjXghyKQ/hq720.jpg?sqp=-oaymwEcCNAFEJQDSFXyq4qpAw4IARUAAIhCGAFwAcABBg==&rs=AOn4CLBFVzUTGjgTm9VoBvPoPrtAaMRi7Q,adjacent_youtube,TBS NEWS DIG 解説,棚観察候補,カテゴリ認識の基準棚
qgItkNeohoM,【スポーツ医学に基づいたピラティスの効果】トップアスリートが熱狂／大学ラグビー部の怪我が減少／インナーマッスルを鍛えると何が良いのか？／論文解説・腰痛改善に良い理由【BODY SKILL SET】,PIVOT 公式チャンネル,UC8yHePe_RgUBE-waRWy6olw,https://www.youtube.com/channel/UC8yHePe_RgUBE-waRWy6olw,3940000,3.94M subscribers,2025-02-26T11:01:13Z,2025-02-26,459689,,,37:21,https://www.youtube.com/watch?v=qgItkNeohoM,https://i.ytimg.com/vi/qgItkNeohoM/hq720.jpg?sqp=-oaymwEcCNAFEJQDSFXyq4qpAw4IARUAAIhCGAFwAcABBg==&rs=AOn4CLC3f9s8XcTgtarllJ4Dg95EK7uqJg,adjacent_youtube,PIVOT 公式 解説,成功/権威 | 質問/論点装置 | YouTubeテーマ,カテゴリ認識の基準棚
ALkYYqVzquM,【富裕層はなぜ債券を買うのか】安全資産と言われる債券／株式と債券のベストな比率は／米国債・社債の選び方とリスク／世界最大の資産運用会社 ブラックロック x  FTSE が徹底解説,PIVOT 公式チャンネル,UC8yHePe_RgUBE-waRWy6olw,https://www.youtube.com/channel/UC8yHePe_RgUBE-waRWy6olw,3940000,3.94M subscribers,2025-11-26T07:00:16Z,2025-11-26,440848,,,39:09,https://www.youtube.com/watch?v=ALkYYqVzquM,https://i.ytimg.com/vi/ALkYYqVzquM/hq720.jpg?sqp=-oaymwEcCNAFEJQDSFXyq4qpAw4IARUAAIhCGAFwAcABBg==&rs=AOn4CLBRdi8469t_1FKdxWL_LcCwz5ujTA,adjacent_youtube,PIVOT 公式 解説,質問/論点装置 | 比較/判定 | YouTubeテーマ,比較・判定で押す棚
QCNWXqXQo8I,【NG英語学習法】オンライン英会話から始めるのはNG／今さら聞けないギモンをタロサックが解説／最強の教材はこれだ／自己紹介のコツ【ENGLISH SKILL SET】,PIVOT 公式チャンネル,UC8yHePe_RgUBE-waRWy6olw,https://www.youtube.com/channel/UC8yHePe_RgUBE-waRWy6olw,3940000,3.94M subscribers,2024-04-24T11:00:20Z,2024-04-24,426486,,,35:11,https://www.youtube.com/watch?v=QCNWXqXQo8I,https://i.ytimg.com/vi/QCNWXqXQo8I/hq720.jpg?sqp=-oaymwEcCNAFEJQDSFXyq4qpAw4IARUAAIhCGAFwAcABBg==&rs=AOn4CLCEhm_jQaRzF2mNr1vcJsHXzZ_Fqg,direct_competitor,スタディサプリ ENGLISH 解説,YouTubeテーマ | 教育カテゴリ認識,カテゴリ認識の基準棚
ZpJXefydwNU,簡単施工！アスファルトの補修方法【コメリHowtoなび】,コメリ公式チャンネル,UCaiHSqdVK99hoFO2Y7MTSQw,https://www.youtube.com/channel/UCaiHSqdVK99hoFO2Y7MTSQw,98100,98.1K subscribers,2015-08-02T23:46:33Z,2015-08-02,397800,,,4:04,https://www.youtube.com/watch?v=ZpJXefydwNU,https://i.ytimg.com/vi/ZpJXefydwNU/hq720.jpg?sqp=-oaymwEcCNAFEJQDSFXyq4qpAw4IARUAAIhCGAFwAcABBg==&rs=AOn4CLBAz1mM5QrqRm3cz2bgRrXRQbVvIg,direct_competitor,コメリ公式 Howto DIY,YouTubeテーマ | 手元/制作/実験,カテゴリ認識の基準棚
JYAo7Ng5bqk,【鶴崎解説】今年の東大数学の奥深さを語るぞ【東大入試】,QuizKnockと学ぼう,UCuG5vlhQYE5VE-pTTxINi3g,https://www.youtube.com/channel/UCuG5vlhQYE5VE-pTTxINi3g,539000,539K subscribers,2025-05-23T08:30:19Z,2025-05-23,372697,,,41:05,https://www.youtube.com/watch?v=JYAo7Ng5bqk,https://i.ytimg.com/vi/JYAo7Ng5bqk/hq720.jpg?sqp=-oaymwEcCNAFEJQDSFXyq4qpAw4IARUAAIhCGAFwAcABBg==&rs=AOn4CLCpuRjEGEFZskAi1Rd357mj0tHrRA,adjacent_youtube,QuizKnockと学ぼう 解説,画面操作/ソフト学習 | ホワイトボード/例題,カテゴリ認識の基準棚
R-XBIqSDO40,【無限神経衰弱】東大数学科卒鶴崎のよくわかる解説,QuizKnockと学ぼう,UCuG5vlhQYE5VE-pTTxINi3g,https://www.youtube.com/channel/UCuG5vlhQYE5VE-pTTxINi3g,539000,539K subscribers,2024-11-02T11:30:22Z,2024-11-02,360872,,,11:34,https://www.youtube.com/watch?v=R-XBIqSDO40,https://i.ytimg.com/vi/R-XBIqSDO40/hq720.jpg?sqp=-oaymwEcCNAFEJQDSFXyq4qpAw4IARUAAIhCGAFwAcABBg==&rs=AOn4CLDyucVaODB_4CPev8uqkSIBoY8hHg,adjacent_youtube,QuizKnock 解説 | QuizKnockと学ぼう 解説,画面操作/ソフト学習 | ホワイトボード/例題,カテゴリ認識の基準棚
gzayUgKnf4Y,センター試験の伝説、ムーミン問題【好きになっちゃう放課後 後編】,QuizKnockと学ぼう,UCuG5vlhQYE5VE-pTTxINi3g,https://www.youtube.com/channel/UCuG5vlhQYE5VE-pTTxINi3g,539000,539K subscribers,2022-11-16T11:00:10Z,2022-11-16,343748,,,17:23,https://www.youtube.com/watch?v=gzayUgKnf4Y,https://i.ytimg.com/vi/gzayUgKnf4Y/hq720.jpg?sqp=-oaymwEcCNAFEJQDSFXyq4qpAw4IARUAAIhCGAFwAcABBg==&rs=AOn4CLClCc0Xp1nnqkhxBdWtQbmvmsetmw,adjacent_youtube,QuizKnockと学ぼう 解説,危機/不穏 | 画面操作/ソフト学習 | ホワイトボード/例題,カテゴリ認識の基準棚
KV62NSrVj04,【 ヘアメイク座談会 第15弾SP前編！】毛穴は？ほうれい線は？メイク崩れは？みんなのお悩み解決座談会〜メイク編〜,VOCEchannel,UCZ9qH9bedbEp7IDhlbNJfRw,https://www.youtube.com/channel/UCZ9qH9bedbEp7IDhlbNJfRw,262000,262K subscribers,2022-11-01T10:00:06Z,2022-11-01,335395,,,41:23,https://www.youtube.com/watch?v=KV62NSrVj04,https://i.ytimg.com/vi/KV62NSrVj04/hq720.jpg?sqp=-oaymwEcCNAFEJQDSFXyq4qpAw4IARUAAIhCGAFwAcABBg==&rs=AOn4CLChsQJEfhz5ckGakbwV5ZNes8ZvKA,direct_competitor,VOCEchannel メイク やり方,美容カテゴリ認識 | 質問/論点装置 | 手順/チュートリアル | 手元/制作/実験,カテゴリ認識の基準棚
eoCLyPWBDno,【大混乱】お題が増える山手線ゲーム【解説にも注目】,QuizKnockと学ぼう,UCuG5vlhQYE5VE-pTTxINi3g,https://www.youtube.com/channel/UCuG5vlhQYE5VE-pTTxINi3g,539000,539K subscribers,2024-07-02T09:30:11Z,2024-07-02,335091,,,15:03,https://www.youtube.com/watch?v=eoCLyPWBDno,https://i.ytimg.com/vi/eoCLyPWBDno/hq720.jpg?sqp=-oaymwEcCNAFEJQDSFXyq4qpAw4IARUAAIhCGAFwAcABBg==&rs=AOn4CLBVn1nMkv8Iy8IjHAB0GH94zpYhGg,adjacent_youtube,QuizKnockと学ぼう 解説,画面操作/ソフト学習,カテゴリ認識の基準棚
9RXs4FLE_4k,【日経解説】“AI代行”で業務ソフトはいらない？ 「SaaSの死」で生き残るのは【NIKKEI NEWS NEXT】,テレ東BIZ ダイジェスト,UCkKVQ_GNjd8FbAuT6xDcWgg,https://www.youtube.com/channel/UCkKVQ_GNjd8FbAuT6xDcWgg,2610000,2.61M subscribers,2026-02-07T00:45:07Z,2026-02-07,333503,,,5:58,https://www.youtube.com/watch?v=9RXs4FLE_4k,https://i.ytimg.com/vi/9RXs4FLE_4k/hq720.jpg?sqp=-oaymwEcCNAFEJQDSFXyq4qpAw4IARUAAIhCGAFwAcABBg==&rs=AOn4CLAU4QnKXGX1xEExzJ-mYArshwy9vg,adjacent_youtube,日経 解説 | テレ東BIZ 日経解説,棚観察候補,カテゴリ認識の基準棚
vWtqIZjhntQ,【専門家解説】栃木の“不審車両”と別事件の車両が一致か…同じ犯行グループの可能性は,日テレNEWS,UCuTAXTexrhetbOe3zgskJBQ,https://www.youtube.com/channel/UCuTAXTexrhetbOe3zgskJBQ,3230000,3.23M subscribers,2026-05-21T15:21:00Z,2026-05-21,333481,,,5:28,https://www.youtube.com/watch?v=vWtqIZjhntQ,https://i.ytimg.com/vi/vWtqIZjhntQ/hq720.jpg?sqp=-oaymwEcCNAFEJQDSFXyq4qpAw4IARUAAIhCGAFwAcABBg==&rs=AOn4CLDV7KaiBKgrR-ceHAvp0FGW5RdwQw,adjacent_youtube,日テレNEWS 解説,ゲスト権威,カテゴリ認識の基準棚
hENqJV1rf5M,【てんぷら近藤流】式と答えで一つの料理が出来上がる 天ぷらの基本 【衣作り編】｜スペシャリテ解体新書｜【樋口直哉】【近藤文夫】【巨匠】【天ぷら】【東京グルメ】,料理王国,UCfUOJ3KybskczP3gTvaB2BQ,https://www.youtube.com/channel/UCfUOJ3KybskczP3gTvaB2BQ,272000,272K subscribers,2024-09-01T08:00:23Z,2024-09-01,332334,,,14:27,https://www.youtube.com/watch?v=hENqJV1rf5M,https://i.ytimg.com/vi/hENqJV1rf5M/hq720.jpg?sqp=-oaymwEcCNAFEJQDSFXyq4qpAw4IARUAAIhCGAFwAcABBg==&rs=AOn4CLBcAlJcADfN2PjRDbbwm4d_KgS2mg,direct_competitor,料理王国 基本 解説,質問/論点装置 | 手元/制作/実験,カテゴリ認識の基準棚
H3kuRa57N9c,【磯田道史解説】恐怖の感染症で人口3割減とも　幕末のワクチン接種とは(2023年2月19日),ANNnewsCH,UCGCZAYq5Xxojl_tSXcVJhiQ,https://www.youtube.com/channel/UCGCZAYq5Xxojl_tSXcVJhiQ,4990000,4.99M subscribers,2023-02-19T01:10:19Z,2023-02-19,329022,,,28:55,https://www.youtube.com/watch?v=H3kuRa57N9c,https://i.ytimg.com/vi/H3kuRa57N9c/hqdefault.jpg?sqp=-oaymwEcCOADEI4CSFXyq4qpAw4IARUAAIhCGAFwAcABBg==&rs=AOn4CLCSv20f-CTsGjUkAmLMCQRari3muA,adjacent_youtube,ANNnewsCH 解説,棚観察候補,カテゴリ認識の基準棚
Ag1RW-C19aM,【解説】両陛下そろった地方公務…記者が見た雅子さまのご様子　社会部・遠藤行泰記者(2022年10月13日),ANNnewsCH,UCGCZAYq5Xxojl_tSXcVJhiQ,https://www.youtube.com/channel/UCGCZAYq5Xxojl_tSXcVJhiQ,4990000,4.99M subscribers,2022-10-13T12:43:22Z,2022-10-13,322890,,,17:10,https://www.youtube.com/watch?v=Ag1RW-C19aM,https://i.ytimg.com/vi/Ag1RW-C19aM/hqdefault.jpg?sqp=-oaymwEcCOADEI4CSFXyq4qpAw4IARUAAIhCGAFwAcABBg==&rs=AOn4CLDsGXUKA7Yhbok7B7o8MdjwUSE_qw,adjacent_youtube,ANNnewsCH 解説,棚観察候補,カテゴリ認識の基準棚
q2aquQKzmZA,必見！ミシュラン三ツ星「菊乃井」村田シェフが家庭で作れるお料理を伝授！｜鯛のみぞれうどん,料理王国,UCfUOJ3KybskczP3gTvaB2BQ,https://www.youtube.com/channel/UCfUOJ3KybskczP3gTvaB2BQ,272000,272K subscribers,2021-12-30T09:00:32Z,2021-12-30,313920,,,18:39,https://www.youtube.com/watch?v=q2aquQKzmZA,https://i.ytimg.com/vi/q2aquQKzmZA/hq720.jpg?sqp=-oaymwEcCNAFEJQDSFXyq4qpAw4IARUAAIhCGAFwAcABBg==&rs=AOn4CLCwjrBdzbpyasB0ZN0NIkTa19gWuQ,direct_competitor,料理王国 基本 解説,手元/制作/実験,カテゴリ認識の基準棚
fzndSzG4Xgw,予備校が解答を出せなかった伝説の難問！中学生でも分かる解き方で解説【東大入試数学1998】,QuizKnockと学ぼう,UCuG5vlhQYE5VE-pTTxINi3g,https://www.youtube.com/channel/UCuG5vlhQYE5VE-pTTxINi3g,539000,539K subscribers,2025-12-25T09:15:04Z,2025-12-25,296563,,,22:09,https://www.youtube.com/watch?v=fzndSzG4Xgw,https://i.ytimg.com/vi/fzndSzG4Xgw/hq720.jpg?sqp=-oaymwEcCNAFEJQDSFXyq4qpAw4IARUAAIhCGAFwAcABBg==&rs=AOn4CLCkr4dCivH3KDp1kU54ffzVVSFfQw,adjacent_youtube,QuizKnockと学ぼう 解説,画面操作/ソフト学習 | ホワイトボード/例題,カテゴリ認識の基準棚
prXs_uISj-Q,[Igari Makeup] Igari Shinobu explains! How to create base makeup [Appearing on Jonetsu Tairiku!],VOCEchannel,UCZ9qH9bedbEp7IDhlbNJfRw,https://www.youtube.com/channel/UCZ9qH9bedbEp7IDhlbNJfRw,262000,262K subscribers,2015-05-22T06:34:23Z,2015-05-22,281486,,,3:22,https://www.youtube.com/watch?v=prXs_uISj-Q,https://i.ytimg.com/vi/prXs_uISj-Q/hq720.jpg?sqp=-oaymwEcCNAFEJQDSFXyq4qpAw4IARUAAIhCGAFwAcABBg==&rs=AOn4CLA-kBrjhwwFf0VSxk7NexhtE4ZoFg,direct_competitor,VOCEchannel メイク やり方,手順/チュートリアル | 手元/制作/実験,カテゴリ認識の基準棚
QwVlX5ndHgI,軽い元素だけ生まれた宇宙誕生からその後、なぜ重い地球が誕生したのか？【JST 午後正午】,JST GogoShogo,UCrn5izWUbCcEo1Aftfwd6KA,https://www.youtube.com/channel/UCrn5izWUbCcEo1Aftfwd6KA,213000,213K subscribers,2024-05-18T10:00:19Z,2024-05-18,268300,,,17:20,https://www.youtube.com/watch?v=QwVlX5ndHgI,https://i.ytimg.com/vi/QwVlX5ndHgI/hq720.jpg?sqp=-oaymwEcCNAFEJQDSFXyq4qpAw4IARUAAIhCGAFwAcABBg==&rs=AOn4CLA8bvhz2S6gUhu_IE6IbMdb8iJSPA,direct_competitor,JST Channel 科学 解説,質問/論点装置 | 手元/制作/実験,カテゴリ認識の基準棚
r0tBmqnXRFI,【超簡単！】パパッと作れる卵レシピ10選,Tasty Japan,UCilGprjH_UBgR5vLVXPff3Q,https://www.youtube.com/channel/UCilGprjH_UBgR5vLVXPff3Q,685000,685K subscribers,2021-12-03T02:00:10Z,2021-12-03,263150,,,8:37,https://www.youtube.com/watch?v=r0tBmqnXRFI,https://i.ytimg.com/vi/r0tBmqnXRFI/hq720.jpg?sqp=-oaymwEcCNAFEJQDSFXyq4qpAw4IARUAAIhCGAFwAcABBg==&rs=AOn4CLD3YQCdLFsgKj10QcM-Hvw23Cak4w,direct_competitor,Tasty Japan レシピ 基本,比較/判定,比較・判定で押す棚
laYuQwPlCjA,森香澄さん旅行ポーチの中身は？愛用コスメでセルフメイクを披露♪,美的,UC887i8_cbn5e5H2fT7AsHig,https://www.youtube.com/channel/UC887i8_cbn5e5H2fT7AsHig,143000,143K subscribers,2023-12-20T11:00:42Z,2023-12-20,261021,,,17:31,https://www.youtube.com/watch?v=laYuQwPlCjA,https://i.ytimg.com/vi/laYuQwPlCjA/hq720.jpg?sqp=-oaymwEcCNAFEJQDSFXyq4qpAw4IARUAAIhCGAFwAcABBg==&rs=AOn4CLBc9aXWtRrp71hGgpGEi60WX3l8MQ,direct_competitor,美的 メイク やり方,手順/チュートリアル | 手元/制作/実験,カテゴリ認識の基準棚
HIxVIgBWz_8,ナイスガイの謎解説！,QuizKnock会議中【サブチャンネル】,UCdvci38aZHC_5qKPyL8BPcA,https://www.youtube.com/channel/UCdvci38aZHC_5qKPyL8BPcA,730000,730K subscribers,2023-05-02T08:30:03Z,2023-05-02,256473,,,18:19,https://www.youtube.com/watch?v=HIxVIgBWz_8,https://i.ytimg.com/vi/HIxVIgBWz_8/hq720.jpg?sqp=-oaymwEcCNAFEJQDSFXyq4qpAw4IARUAAIhCGAFwAcABBg==&rs=AOn4CLD5yRxiRo8VxB0wtRqKQJQGbdWLyA,adjacent_youtube,QuizKnock 解説,YouTubeテーマ | 画面操作/ソフト学習,カテゴリ認識の基準棚
lgecSy1djiY,【動画編集】iPhone・Android で動画編集する方法‐初心者のための基本ガイド【2025年】｜ PowerDirector,PowerDirector Japan - 動画編集,UCRPFJ4MeCSEJiu6FUiAPAzw,https://www.youtube.com/channel/UCRPFJ4MeCSEJiu6FUiAPAzw,78600,78.6K subscribers,2021-09-03T12:00:32Z,2021-09-03,253736,,,7:54,https://www.youtube.com/watch?v=lgecSy1djiY,https://i.ytimg.com/vi/lgecSy1djiY/hq720.jpg?sqp=-oaymwEcCNAFEJQDSFXyq4qpAw4IARUAAIhCGAFwAcABBg==&rs=AOn4CLBXGxVn1tWA6P78AC-CImaqQstsAQ,direct_competitor,PowerDirector Japan 使い方,手順/チュートリアル | 初心者導入,初心者安心と手順感で押す棚
yzWy83AnKGQ,【ビリヤニ大澤】“美味しい”だけを追求し続け、辿り着いた本気のインド料理「マトンビリヤニ」｜スペシャリテ解体新書 vol.6 大澤 孝将｜【樋口 直哉】【料理王国】【東京グルメ】,料理王国,UCfUOJ3KybskczP3gTvaB2BQ,https://www.youtube.com/channel/UCfUOJ3KybskczP3gTvaB2BQ,272000,272K subscribers,2025-07-31T08:01:09Z,2025-07-31,249116,,,49:35,https://www.youtube.com/watch?v=yzWy83AnKGQ,https://i.ytimg.com/vi/yzWy83AnKGQ/hq720.jpg?sqp=-oaymwEcCNAFEJQDSFXyq4qpAw4IARUAAIhCGAFwAcABBg==&rs=AOn4CLAuNaWpaVnLa0uoX9GH_1U9IVLchA,direct_competitor,料理王国 基本 解説,手元/制作/実験,カテゴリ認識の基準棚
_YHNLaErVz0,【動画編集 初心者】動画編集ソフトの使い方 ！PowerDirector 完全攻略【2025年最新】,PowerDirector Japan - 動画編集,UCRPFJ4MeCSEJiu6FUiAPAzw,https://www.youtube.com/channel/UCRPFJ4MeCSEJiu6FUiAPAzw,78600,78.6K subscribers,2024-01-26T12:00:33Z,2024-01-26,248137,,,7:23,https://www.youtube.com/watch?v=_YHNLaErVz0,https://i.ytimg.com/vi/_YHNLaErVz0/hq720.jpg?sqp=-oaymwEcCNAFEJQDSFXyq4qpAw4IARUAAIhCGAFwAcABBg==&rs=AOn4CLBojEBCmnit0JmKp0iwNKhf8uw2eA,direct_competitor,PowerDirector Japan 使い方,手順/チュートリアル | 初心者導入,初心者安心と手順感で押す棚
6Ykr5iWbyPE,ヘアメイク河北裕介さんのオススメファンデ&塗り方講座・眉の描き方のコツ【VOCEインスタライブ】【PR】,VOCEchannel,UCZ9qH9bedbEp7IDhlbNJfRw,https://www.youtube.com/channel/UCZ9qH9bedbEp7IDhlbNJfRw,262000,262K subscribers,2019-04-01T01:00:45Z,2019-04-01,239107,,,47:26,https://www.youtube.com/watch?v=6Ykr5iWbyPE,https://i.ytimg.com/vi/6Ykr5iWbyPE/hq720.jpg?sqp=-oaymwEcCNAFEJQDSFXyq4qpAw4IARUAAIhCGAFwAcABBg==&rs=AOn4CLDKSO4QAhxKcxBOynDtjA_Bx1ckVA,direct_competitor,VOCEchannel メイク やり方,美容カテゴリ認識 | 教育カテゴリ認識 | 手順/チュートリアル | 手元/制作/実験,カテゴリ認識の基準棚
pvDzB7pZ6co,【アイメイク】眉の描き方＜キレイの基本＞｜資生堂,"資生堂 Shiseido Co., Ltd.",UCrgHdSQWAXEv1QZpzgrJHnA,https://www.youtube.com/channel/UCrgHdSQWAXEv1QZpzgrJHnA,116000,116K subscribers,2022-12-22T09:21:48Z,2022-12-22,235017,,,3:03,https://www.youtube.com/watch?v=pvDzB7pZ6co,https://i.ytimg.com/vi/pvDzB7pZ6co/hq720.jpg?sqp=-oaymwE2CNAFEJQDSFXyq4qpAygIARUAAIhCGAFwAcABBvABAfgB_gmAAtAFigIMCAAQARhlIFEoRTAP&rs=AOn4CLDBcDsF5IQYGqrAPrDwdQMnii2SPQ,direct_competitor,資生堂 公式 メイク 基本,手元/制作/実験,カテゴリ認識の基準棚
v29qgfzbm8k,世界一に輝いたパエリア作りのプロが教えるスペインの伝統的料理「パエリアバレンシアーナ」| estilo h | 【京都グルメ】【スペイン料理】【世界一の料理】【本格パエリア】,料理王国,UCfUOJ3KybskczP3gTvaB2BQ,https://www.youtube.com/channel/UCfUOJ3KybskczP3gTvaB2BQ,272000,272K subscribers,2024-01-13T08:00:35Z,2024-01-13,227895,,,18:09,https://www.youtube.com/watch?v=v29qgfzbm8k,https://i.ytimg.com/vi/v29qgfzbm8k/hq720.jpg?sqp=-oaymwEcCNAFEJQDSFXyq4qpAw4IARUAAIhCGAFwAcABBg==&rs=AOn4CLCKfKe9iPLHa5LU3XVWhqjsufg_xA,direct_competitor,料理王国 基本 解説,手元/制作/実験,カテゴリ認識の基準棚
N1XyKxkSMFg,【 ヘアメイク座談会 番外編 】人気ヘアメイク３人 が 本気トーク！ 崩れないメイク座談会,VOCEchannel,UCZ9qH9bedbEp7IDhlbNJfRw,https://www.youtube.com/channel/UCZ9qH9bedbEp7IDhlbNJfRw,262000,262K subscribers,2022-05-26T10:30:12Z,2022-05-26,224967,,,40:01,https://www.youtube.com/watch?v=N1XyKxkSMFg,https://i.ytimg.com/vi/N1XyKxkSMFg/hq720.jpg?sqp=-oaymwEcCNAFEJQDSFXyq4qpAw4IARUAAIhCGAFwAcABBg==&rs=AOn4CLBTx1x9KOq0mRKTNms01m3ez2RulA,direct_competitor,VOCEchannel メイク やり方,美容カテゴリ認識 | 手順/チュートリアル | 手元/制作/実験,カテゴリ認識の基準棚
8vpBgy6rc54,立憲・枝野氏、代表辞任!一新される?【記者解説】(2021年11月13日),ANNnewsCH,UCGCZAYq5Xxojl_tSXcVJhiQ,https://www.youtube.com/channel/UCGCZAYq5Xxojl_tSXcVJhiQ,4990000,4.99M subscribers,2021-11-13T04:26:43Z,2021-11-13,223072,,,28:46,https://www.youtube.com/watch?v=8vpBgy6rc54,https://i.ytimg.com/vi/8vpBgy6rc54/hqdefault.jpg?sqp=-oaymwEcCOADEI4CSFXyq4qpAw4IARUAAIhCGAFwAcABBg==&rs=AOn4CLDSPwov_kg1YXFj2X1WoLU8GpKIKA,adjacent_youtube,ANNnewsCH 解説,人物/証言,カテゴリ認識の基準棚
H8qbI8PKq8E,[ENG SUB] Kyoto-Style Inarizushi by Chef Murata | Seasoned Fried Tofu Filled With Sushi Rice,料理王国,UCfUOJ3KybskczP3gTvaB2BQ,https://www.youtube.com/channel/UCfUOJ3KybskczP3gTvaB2BQ,272000,272K subscribers,2024-02-10T08:00:11Z,2024-02-10,204543,,,10:01,https://www.youtube.com/watch?v=H8qbI8PKq8E,https://i.ytimg.com/vi/H8qbI8PKq8E/hq720.jpg?sqp=-oaymwEcCNAFEJQDSFXyq4qpAw4IARUAAIhCGAFwAcABBg==&rs=AOn4CLD_VRt55HSOi6BJNQ4yo623sap6Xg,direct_competitor,料理王国 基本 解説,手元/制作/実験,カテゴリ認識の基準棚
T2w1L89scQk,日経平均一時2600円安 “中東の紛争”は買いにあらず？【長江優子のマーケット解説】,テレ東BIZ ダイジェスト,UCkKVQ_GNjd8FbAuT6xDcWgg,https://www.youtube.com/channel/UCkKVQ_GNjd8FbAuT6xDcWgg,2610000,2.61M subscribers,2026-03-04T11:10:37Z,2026-03-04,201462,,,20:24,https://www.youtube.com/watch?v=T2w1L89scQk,https://i.ytimg.com/vi/T2w1L89scQk/hq720.jpg?sqp=-oaymwEcCNAFEJQDSFXyq4qpAw4IARUAAIhCGAFwAcABBg==&rs=AOn4CLDfbzVf5ZlHTcd_Z_tsIB2HJG5JHg,adjacent_youtube,テレ東BIZ 日経解説,棚観察候補,カテゴリ認識の基準棚
IlGELBZkaiQ,【ポイントメイク編】GYUTAE（ギュテ）さんの最新毎日メイクを大公開,MAQUIAチャンネル,UCh8VTSGzDk0jP3YVjubC_eA,https://www.youtube.com/channel/UCh8VTSGzDk0jP3YVjubC_eA,181000,181K subscribers,2022-03-15T10:00:07Z,2022-03-15,197787,,,23:49,https://www.youtube.com/watch?v=IlGELBZkaiQ,https://i.ytimg.com/vi/IlGELBZkaiQ/hq720.jpg?sqp=-oaymwEcCNAFEJQDSFXyq4qpAw4IARUAAIhCGAFwAcABBg==&rs=AOn4CLA246nx5pYWjyyk9SyN75A1T2YZlQ,direct_competitor,MAQUIAチャンネル メイク やり方,YouTubeテーマ | 手順/チュートリアル | 画面操作/ソフト学習 | 手元/制作/実験,操作画面を到達点で押す棚
-KPaYHdJ0io,【新連載】できる河北メイクvol.1 広瀬すずメイクに一般人がトライ！,VOCEchannel,UCZ9qH9bedbEp7IDhlbNJfRw,https://www.youtube.com/channel/UCZ9qH9bedbEp7IDhlbNJfRw,262000,262K subscribers,2020-08-25T01:00:00Z,2020-08-25,177734,,,10:32,https://www.youtube.com/watch?v=-KPaYHdJ0io,https://i.ytimg.com/vi/-KPaYHdJ0io/hq720.jpg?sqp=-oaymwEcCNAFEJQDSFXyq4qpAw4IARUAAIhCGAFwAcABBg==&rs=AOn4CLDC-fItzG3xz5_Ek_qHvH4QuX5lmQ,direct_competitor,VOCEchannel メイク やり方,手順/チュートリアル | 手元/制作/実験,カテゴリ認識の基準棚
QFprCmgNw7o,【完全解説】「SaaS全滅」の真相、全部教えます（Anthropic/Claude/Microsoft/Copilot/OpenAI/ChatGPT/SaaSapolypse/解説:森川潤、後藤直義）,NewsPicks /ニューズピックス,UCfTnJmRQP79C4y_BMF_XrlA,https://www.youtube.com/channel/UCfTnJmRQP79C4y_BMF_XrlA,2190000,2.19M subscribers,2026-02-07T03:00:29Z,2026-02-07,174840,,,21:13,https://www.youtube.com/watch?v=QFprCmgNw7o,https://i.ytimg.com/vi/QFprCmgNw7o/hq720.jpg?sqp=-oaymwEcCNAFEJQDSFXyq4qpAw4IARUAAIhCGAFwAcABBg==&rs=AOn4CLAKIoxAn_rHCstbkRYyjkCJwNsqyA,adjacent_youtube,NewsPicks 解説,画面操作/ソフト学習,カテゴリ認識の基準棚
WN4Zao4oMfs,【お庭DIY】家庭菜園 お庭に畑を作る方法｜どこでもガーデンフレーム組み立て方〜野菜の育て方【カインズ】,カインズ公式チャンネル,UCdldNm4RJ7_GclRsA5wk9kQ,https://www.youtube.com/channel/UCdldNm4RJ7_GclRsA5wk9kQ,151000,151K subscribers,2023-06-20T07:53:55Z,2023-06-20,170101,,,3:39,https://www.youtube.com/watch?v=WN4Zao4oMfs,https://i.ytimg.com/vi/WN4Zao4oMfs/hq720.jpg?sqp=-oaymwEcCNAFEJQDSFXyq4qpAw4IARUAAIhCGAFwAcABBg==&rs=AOn4CLAKqbdUFwPOPqmG_rjv3uSMc-Q5Dw,direct_competitor,カインズ公式 DIY やり方,YouTubeテーマ | 手順/チュートリアル | 手元/制作/実験,カテゴリ認識の基準棚
4bY03jBKodA,【50代のコスメ選び！間違いと正解5選】40代からの見直しメイク【資生堂ヘアメイクアップアーティスト齋藤有希子】｜資生堂,"資生堂 Shiseido Co., Ltd.",UCrgHdSQWAXEv1QZpzgrJHnA,https://www.youtube.com/channel/UCrgHdSQWAXEv1QZpzgrJHnA,116000,116K subscribers,2024-11-23T11:00:03Z,2024-11-23,166711,,,13:35,https://www.youtube.com/watch?v=4bY03jBKodA,https://i.ytimg.com/vi/4bY03jBKodA/hq720.jpg?sqp=-oaymwEcCNAFEJQDSFXyq4qpAw4IARUAAIhCGAFwAcABBg==&rs=AOn4CLBSxJeFv_8yEx_EW71QKjA_VXhRQg,direct_competitor,資生堂 公式 メイク 基本,美容カテゴリ認識 | 比較/判定 | 手元/制作/実験,比較・判定で押す棚
AN0Zrk4LeJY,【完全版】初心者でも簡単にできるピザ窯の作り方｜耐火煉瓦を積むだけ！火力がアップした改良版【カインズDIY】,カインズ公式チャンネル,UCdldNm4RJ7_GclRsA5wk9kQ,https://www.youtube.com/channel/UCdldNm4RJ7_GclRsA5wk9kQ,151000,151K subscribers,2023-09-22T11:43:28Z,2023-09-22,160952,,,6:30,https://www.youtube.com/watch?v=AN0Zrk4LeJY,https://i.ytimg.com/vi/AN0Zrk4LeJY/hq720.jpg?sqp=-oaymwEcCNAFEJQDSFXyq4qpAw4IARUAAIhCGAFwAcABBg==&rs=AOn4CLAd098adYqnVI6WPY-eebE0N0ofJQ,direct_competitor,カインズ公式 DIY やり方,YouTubeテーマ | 手順/チュートリアル | 初心者導入 | 手元/制作/実験,初心者安心と手順感で押す棚
bUuCxM1jF8s,【化粧水＆乳液（手使用）】の使い方＜キレイの基本＞｜資生堂,"資生堂 Shiseido Co., Ltd.",UCrgHdSQWAXEv1QZpzgrJHnA,https://www.youtube.com/channel/UCrgHdSQWAXEv1QZpzgrJHnA,116000,116K subscribers,2022-12-22T09:23:27Z,2022-12-22,157156,,,3:13,https://www.youtube.com/watch?v=bUuCxM1jF8s,https://i.ytimg.com/vi/bUuCxM1jF8s/hq720.jpg?sqp=-oaymwE2CNAFEJQDSFXyq4qpAygIARUAAIhCGAFwAcABBvABAfgB_gmAAtAFigIMCAAQARhlIFMoRzAP&rs=AOn4CLA-32K2KAM8TvYolIi1m1uSRJnF9Q,direct_competitor,資生堂 公式 メイク 基本,手順/チュートリアル | 手元/制作/実験,カテゴリ認識の基準棚
d1RyzOCNgBg,「普通に1億円の純資産は日本なら作れる」2026年は不動産投資で資産形成のチャンス？プロが見ている参入障壁と物件選びの基準を徹底解説【エミン・ユルマズ×滝島一統／加藤浩次】2Sides,NewsPicks /ニューズピックス,UCfTnJmRQP79C4y_BMF_XrlA,https://www.youtube.com/channel/UCfTnJmRQP79C4y_BMF_XrlA,2190000,2.19M subscribers,2026-01-19T10:01:01Z,2026-01-19,156184,,,15:48,https://www.youtube.com/watch?v=d1RyzOCNgBg,https://i.ytimg.com/vi/d1RyzOCNgBg/hq720.jpg?sqp=-oaymwEcCNAFEJQDSFXyq4qpAw4IARUAAIhCGAFwAcABBg==&rs=AOn4CLCbKaDx38hLyjv5q104cgvhcDMq8g,adjacent_youtube,NewsPicks 解説,成功/権威 | 比較/判定,比較・判定で押す棚
nhHE0tZ213I,"Learn from the pros! How to use concealer to naturally hide blemishes, acne scars, dark circles, ...",美的,UC887i8_cbn5e5H2fT7AsHig,https://www.youtube.com/channel/UC887i8_cbn5e5H2fT7AsHig,143000,143K subscribers,2023-08-21T10:00:38Z,2023-08-21,153600,,,12:26,https://www.youtube.com/watch?v=nhHE0tZ213I,https://i.ytimg.com/vi/nhHE0tZ213I/hq720.jpg?sqp=-oaymwEcCNAFEJQDSFXyq4qpAw4IARUAAIhCGAFwAcABBg==&rs=AOn4CLBE52aSubsYEQS9r6Q5ymP3J1XB-g,direct_competitor,美的 メイク やり方,教育カテゴリ認識 | 手順/チュートリアル | 手元/制作/実験,カテゴリ認識の基準棚
JDeaB7LrftM,【解説】台風11号　影響は沖縄だけじゃない　最新進路で北上　広範囲で警戒態勢(2022年8月30日),ANNnewsCH,UCGCZAYq5Xxojl_tSXcVJhiQ,https://www.youtube.com/channel/UCGCZAYq5Xxojl_tSXcVJhiQ,4990000,4.99M subscribers,2022-08-30T09:06:15Z,2022-08-30,150115,,,3:22,https://www.youtube.com/watch?v=JDeaB7LrftM,https://i.ytimg.com/vi/JDeaB7LrftM/hqdefault.jpg?sqp=-oaymwEcCOADEI4CSFXyq4qpAw4IARUAAIhCGAFwAcABBg==&rs=AOn4CLDvhkWAJmWwBpGgKBDnCoeBAbPIyg,adjacent_youtube,ANNnewsCH 解説,棚観察候補,カテゴリ認識の基準棚
ry4QuBZ9lAs,【 動画編集 】初心者必見 動画編集のやり方！これさえ見ればわかる【2025年最新版】,PowerDirector Japan - 動画編集,UCRPFJ4MeCSEJiu6FUiAPAzw,https://www.youtube.com/channel/UCRPFJ4MeCSEJiu6FUiAPAzw,78600,78.6K subscribers,2024-02-23T12:00:56Z,2024-02-23,147036,,,8:28,https://www.youtube.com/watch?v=ry4QuBZ9lAs,https://i.ytimg.com/vi/ry4QuBZ9lAs/hq720.jpg?sqp=-oaymwEcCNAFEJQDSFXyq4qpAw4IARUAAIhCGAFwAcABBg==&rs=AOn4CLA2HlWoajnJSng5dduJWK67AYvHDQ,direct_competitor,PowerDirector Japan 使い方,手順/チュートリアル | 初心者導入,初心者安心と手順感で押す棚
Jr4vD85jJ9Y,【解説】3年ぶり開催にファン殺到 鉄道模型の魅力とは？　経済部・国吉伸洋記者(2022年8月19日),ANNnewsCH,UCGCZAYq5Xxojl_tSXcVJhiQ,https://www.youtube.com/channel/UCGCZAYq5Xxojl_tSXcVJhiQ,4990000,4.99M subscribers,2022-08-19T12:36:35Z,2022-08-19,145594,,,21:34,https://www.youtube.com/watch?v=Jr4vD85jJ9Y,https://i.ytimg.com/vi/Jr4vD85jJ9Y/hqdefault.jpg?sqp=-oaymwEcCOADEI4CSFXyq4qpAw4IARUAAIhCGAFwAcABBg==&rs=AOn4CLCce6UOKhvlTH4TCfObYF_5ItrNNw,adjacent_youtube,ANNnewsCH 解説,棚観察候補,カテゴリ認識の基準棚
2oroZuTT0fw,自分や相手の権利を守るために…全国でも数少ない“踏み込んだ”性教育の授業を取材「プライベートゾーン」「避妊の重要性」などを説明,FNNプライムオンライン,UCoQBJMzcwmXrRSHBFAlTsIw,https://www.youtube.com/channel/UCoQBJMzcwmXrRSHBFAlTsIw,2340000,2.34M subscribers,2025-06-21T09:54:19Z,2025-06-21,142478,,,4:43,https://www.youtube.com/watch?v=2oroZuTT0fw,https://i.ytimg.com/vi/2oroZuTT0fw/hq720.jpg?sqp=-oaymwEcCNAFEJQDSFXyq4qpAw4IARUAAIhCGAFwAcABBg==&rs=AOn4CLCoi4N-XTGN-q-OSmTn5ieVHw08Bw,direct_competitor,NHK for School 実験 解説,経営/判断材料 | 教育カテゴリ認識 | 手元/制作/実験,カテゴリ認識の基準棚
7-DfJIJVjpU,【山口真帆さんのセルフメイク】愛用コスメ＆美肌に見せるテクニック大公開,MAQUIAチャンネル,UCh8VTSGzDk0jP3YVjubC_eA,https://www.youtube.com/channel/UCh8VTSGzDk0jP3YVjubC_eA,181000,181K subscribers,2020-02-21T10:00:02Z,2020-02-21,137217,,,24:47,https://www.youtube.com/watch?v=7-DfJIJVjpU,https://i.ytimg.com/vi/7-DfJIJVjpU/hq720.jpg?sqp=-oaymwEcCNAFEJQDSFXyq4qpAw4IARUAAIhCGAFwAcABBg==&rs=AOn4CLBhrYUWmVYAwyIdeBJD1FuDnWTtew,direct_competitor,MAQUIAチャンネル メイク やり方,YouTubeテーマ | 手順/チュートリアル | 画面操作/ソフト学習 | 手元/制作/実験,操作画面を到達点で押す棚
qpvaZ6kXPUk,【2025年最新版】無料 iPhone で始めるかんたん動画編集！【初心者向け基本ガイド】,PowerDirector Japan - 動画編集,UCRPFJ4MeCSEJiu6FUiAPAzw,https://www.youtube.com/channel/UCRPFJ4MeCSEJiu6FUiAPAzw,78600,78.6K subscribers,2023-04-28T11:02:00Z,2023-04-28,126392,,,3:51,https://www.youtube.com/watch?v=qpvaZ6kXPUk,https://i.ytimg.com/vi/qpvaZ6kXPUk/hq720.jpg?sqp=-oaymwEcCNAFEJQDSFXyq4qpAw4IARUAAIhCGAFwAcABBg==&rs=AOn4CLAocjvLyt8xwyOjtiI-6YbMLfQFFA,direct_competitor,PowerDirector Japan 使い方,手順/チュートリアル | 初心者導入,初心者安心と手順感で押す棚
psYbAmIXzk4,【英語】自動詞と他動詞の見分け方 - 関先生の英語スタンダードレベル #勉強 #受験 #英語 #英会話 #english,スタディサプリ,UCxLohCmWDYwpH5XZXDMf_9Q,https://www.youtube.com/channel/UCxLohCmWDYwpH5XZXDMf_9Q,170000,170K subscribers,2023-06-11T11:00:39Z,2023-06-11,126374,,,3:28,https://www.youtube.com/watch?v=psYbAmIXzk4,https://i.ytimg.com/vi/psYbAmIXzk4/hq720.jpg?sqp=-oaymwEcCNAFEJQDSFXyq4qpAw4IARUAAIhCGAFwAcABBg==&rs=AOn4CLCvuFp2AOg-2mQ47jmMm10rOPF8mA,direct_competitor,スタディサプリ ENGLISH 解説,教育カテゴリ認識,カテゴリ認識の基準棚
j5mpGlOiVlk,現場の“ナフサ不足”なぜ？ 全体量確保も業界により「必要な形」足りず…目詰まりのカラクリとは【サンデーモーニング】｜TBS NEWS DIG,TBS NEWS DIG Powered by JNN,UC6AG81pAkf6Lbi_1VC5NmPA,https://www.youtube.com/channel/UC6AG81pAkf6Lbi_1VC5NmPA,3280000,3.28M subscribers,2026-05-17T06:05:51Z,2026-05-17,125034,,,7:59,https://www.youtube.com/watch?v=j5mpGlOiVlk,https://i.ytimg.com/vi/j5mpGlOiVlk/hq720.jpg?sqp=-oaymwEcCNAFEJQDSFXyq4qpAw4IARUAAIhCGAFwAcABBg==&rs=AOn4CLBJo3HiZRNUsL05e2wdGSH7t_Ympw,adjacent_youtube,TBS NEWS DIG 解説,質問/論点装置 | 現場/ドキュメンタリー,現場感/未解決感棚
PgUvFaL2HQ0,[10 easy side dish recipes] Recommended for beginners! Perfect for busy times ♪ | macaroni,macaroni | マカロニ,UC6vzXCyUFiz0wMF6aIe7Isg,https://www.youtube.com/channel/UC6vzXCyUFiz0wMF6aIe7Isg,1160000,1.16M subscribers,2023-06-10T12:00:26Z,2023-06-10,123531,,,13:44,https://www.youtube.com/watch?v=PgUvFaL2HQ0,https://i.ytimg.com/vi/PgUvFaL2HQ0/hq720.jpg?sqp=-oaymwEcCNAFEJQDSFXyq4qpAw4IARUAAIhCGAFwAcABBg==&rs=AOn4CLDv6wbg55clyePb7KqfE2Dwcl0niA,direct_competitor,macaroni マカロニ 基本 レシピ,初心者導入,カテゴリ認識の基準棚
U-mElhSSbyE,Basic Tasty 〜包丁の使い方〜,Tasty Japan,UCilGprjH_UBgR5vLVXPff3Q,https://www.youtube.com/channel/UCilGprjH_UBgR5vLVXPff3Q,685000,685K subscribers,2019-09-15T08:00:06Z,2019-09-15,121997,,,6:28,https://www.youtube.com/watch?v=U-mElhSSbyE,https://i.ytimg.com/vi/U-mElhSSbyE/hq720.jpg?sqp=-oaymwEcCNAFEJQDSFXyq4qpAw4IARUAAIhCGAFwAcABBg==&rs=AOn4CLA6MbTXkXiLlVyyBgvWP0UPWdsnJg,direct_competitor,Tasty Japan レシピ 基本,手順/チュートリアル,カテゴリ認識の基準棚
vGjV5qYU81M,【AI天才が断言】若手の仕事、もうすぐ半分が消失します（Google/Anthropic/OpenAI/ダボス会議/デミス・ハサビス/アモデイ/サム・アルトマン/解説：森川潤、後藤直義）,NewsPicks /ニューズピックス,UCfTnJmRQP79C4y_BMF_XrlA,https://www.youtube.com/channel/UCfTnJmRQP79C4y_BMF_XrlA,2190000,2.19M subscribers,2026-01-24T03:01:10Z,2026-01-24,114622,,,20:44,https://www.youtube.com/watch?v=vGjV5qYU81M,https://i.ytimg.com/vi/vGjV5qYU81M/hq720.jpg?sqp=-oaymwEcCNAFEJQDSFXyq4qpAw4IARUAAIhCGAFwAcABBg==&rs=AOn4CLBCDciH6DVlUeHStwZOgV5w4G4ZGw,adjacent_youtube,NewsPicks 解説,棚観察候補,カテゴリ認識の基準棚
8eGq0diXZqk,THE MAKING　（２８１）実験用ガラス器具ができるまで,SCIENCE CHANNEL（JST）,UCHpFyLQgg4h9VZuFyby7RbQ,https://www.youtube.com/channel/UCHpFyLQgg4h9VZuFyby7RbQ,623000,623K subscribers,2012-05-28T04:43:28Z,2012-05-28,113357,,,14:01,https://www.youtube.com/watch?v=8eGq0diXZqk,https://i.ytimg.com/vi/8eGq0diXZqk/hqdefault.jpg?sqp=-oaymwEcCOADEI4CSFXyq4qpAw4IARUAAIhCGAFwAcABBg==&rs=AOn4CLCNdtkDPcGHKnCYafGmAyUz_oHzuw,direct_competitor,サイエンスチャンネル 実験 | SCIENCE CHANNEL JST 実験,YouTubeテーマ | 手元/制作/実験,カテゴリ認識の基準棚
Q-GqlBvs1GY,【大人が見直すべき！下地とファンデーションの組み合わせ】40代からの見直しメイク【資生堂ヘアメイクアップアーティスト齋藤有希子】｜資生堂,"資生堂 Shiseido Co., Ltd.",UCrgHdSQWAXEv1QZpzgrJHnA,https://www.youtube.com/channel/UCrgHdSQWAXEv1QZpzgrJHnA,116000,116K subscribers,2024-07-20T11:00:19Z,2024-07-20,110607,,,17:13,https://www.youtube.com/watch?v=Q-GqlBvs1GY,https://i.ytimg.com/vi/Q-GqlBvs1GY/hq720.jpg?sqp=-oaymwEcCNAFEJQDSFXyq4qpAw4IARUAAIhCGAFwAcABBg==&rs=AOn4CLDKlAkdd-HqlWX9hEZN5nO7kkWUwA,direct_competitor,資生堂 公式 メイク 基本,美容カテゴリ認識 | 手元/制作/実験,カテゴリ認識の基準棚
2JaaMlvABxE,【ベースメイク】ファンデーションの塗り方＜キレイの基本＞｜資生堂,"資生堂 Shiseido Co., Ltd.",UCrgHdSQWAXEv1QZpzgrJHnA,https://www.youtube.com/channel/UCrgHdSQWAXEv1QZpzgrJHnA,116000,116K subscribers,2022-12-26T09:07:13Z,2022-12-26,107450,,,6:53,https://www.youtube.com/watch?v=2JaaMlvABxE,https://i.ytimg.com/vi/2JaaMlvABxE/hq720.jpg?sqp=-oaymwE2CNAFEJQDSFXyq4qpAygIARUAAIhCGAFwAcABBvABAfgB_gmAAtAFigIMCAAQARhlIFIoRjAP&rs=AOn4CLDLwsQgmmvb1OGLmNmgnbatrnEf8g,direct_competitor,資生堂 公式 メイク 基本,手元/制作/実験,カテゴリ認識の基準棚
KxPchZNxElc,動画編集初心者必見！ 知っておきたい 動画編集機能 10選 | PowerDirector,PowerDirector Japan - 動画編集,UCRPFJ4MeCSEJiu6FUiAPAzw,https://www.youtube.com/channel/UCRPFJ4MeCSEJiu6FUiAPAzw,78600,78.6K subscribers,2021-03-26T12:00:07Z,2021-03-26,102651,,,7:24,https://www.youtube.com/watch?v=KxPchZNxElc,https://i.ytimg.com/vi/KxPchZNxElc/hq720.jpg?sqp=-oaymwEcCNAFEJQDSFXyq4qpAw4IARUAAIhCGAFwAcABBg==&rs=AOn4CLDt2iLfGEY1KdvQcUhUgrNOUqW8OQ,direct_competitor,PowerDirector Japan 使い方,比較/判定 | 手順/チュートリアル | 初心者導入,初心者安心と手順感で押す棚
xMwcTMuJzQU,【トリマーの使い方】電動工具の基本と注意｜使用方法,カインズ公式チャンネル,UCdldNm4RJ7_GclRsA5wk9kQ,https://www.youtube.com/channel/UCdldNm4RJ7_GclRsA5wk9kQ,151000,151K subscribers,2021-08-30T00:00:10Z,2021-08-30,102416,,,5:18,https://www.youtube.com/watch?v=xMwcTMuJzQU,https://i.ytimg.com/vi/xMwcTMuJzQU/hq720.jpg?sqp=-oaymwEcCNAFEJQDSFXyq4qpAw4IARUAAIhCGAFwAcABBg==&rs=AOn4CLCoMu53tk1TIkM1B7_km1YE2LQN2Q,direct_competitor,カインズ公式 DIY やり方,YouTubeテーマ | 手順/チュートリアル | 手元/制作/実験,カテゴリ認識の基準棚
bL5X56rys2U,GYUTAE（ギュテ）さんの2022最新毎日メイクを公開【ベースメイク編】,MAQUIAチャンネル,UCh8VTSGzDk0jP3YVjubC_eA,https://www.youtube.com/channel/UCh8VTSGzDk0jP3YVjubC_eA,181000,181K subscribers,2022-03-11T10:08:25Z,2022-03-11,100717,,,19:12,https://www.youtube.com/watch?v=bL5X56rys2U,https://i.ytimg.com/vi/bL5X56rys2U/hq720.jpg?sqp=-oaymwEcCNAFEJQDSFXyq4qpAw4IARUAAIhCGAFwAcABBg==&rs=AOn4CLD8rgjCYfD6UN0hae27jrcuOklk_g,direct_competitor,MAQUIAチャンネル メイク やり方,YouTubeテーマ | 手順/チュートリアル | 画面操作/ソフト学習 | 手元/制作/実験,操作画面を到達点で押す棚
H53BPoJNT-o,“トクリュウ”疑問を解説　なぜ急増？ 狙われるサインは【スーパーJチャンネル】(2026年5月22日),ANNnewsCH,UCGCZAYq5Xxojl_tSXcVJhiQ,https://www.youtube.com/channel/UCGCZAYq5Xxojl_tSXcVJhiQ,4990000,4.99M subscribers,2026-05-22T10:24:55Z,2026-05-22,100674,,,5:32,https://www.youtube.com/watch?v=H53BPoJNT-o,https://i.ytimg.com/vi/H53BPoJNT-o/hqdefault.jpg?sqp=-oaymwEcCOADEI4CSFXyq4qpAw4IARUAAIhCGAFwAcABBg==&rs=AOn4CLD-lzXGXX_7uo25TTTyN-T44QnusA,adjacent_youtube,ANNnewsCH 解説,質問/論点装置 | YouTubeテーマ,カテゴリ認識の基準棚
t3VOdLhjdUw,【JAXAロケット実験】地元住民「あ、終わった」 実験開始57秒後に爆発,日テレNEWS,UCuTAXTexrhetbOe3zgskJBQ,https://www.youtube.com/channel/UCuTAXTexrhetbOe3zgskJBQ,3230000,3.23M subscribers,2023-07-14T09:49:55Z,2023-07-14,100099,,,3:43,https://www.youtube.com/watch?v=t3VOdLhjdUw,https://i.ytimg.com/vi/t3VOdLhjdUw/hq720.jpg?sqp=-oaymwEcCNAFEJQDSFXyq4qpAw4IARUAAIhCGAFwAcABBg==&rs=AOn4CLAiuHotXXCnwdSmekdIhu9XDpBoyA,direct_competitor,JAXA 実験 解説,手元/制作/実験,カテゴリ認識の基準棚
tumArkAu4ao,【決算解説】5年連続赤字、ユーザー数200万人減少の出前館。今後どうなる？（Uber Eats／menu／配達員／フードデリバリー）解説：谷口健,NewsPicks /ニューズピックス,UCfTnJmRQP79C4y_BMF_XrlA,https://www.youtube.com/channel/UCfTnJmRQP79C4y_BMF_XrlA,2190000,2.19M subscribers,2023-11-07T12:00:51Z,2023-11-07,98861,,,14:35,https://www.youtube.com/watch?v=tumArkAu4ao,https://i.ytimg.com/vi/tumArkAu4ao/hq720.jpg?sqp=-oaymwEcCNAFEJQDSFXyq4qpAw4IARUAAIhCGAFwAcABBg==&rs=AOn4CLCMSSGpmCiNUqKXG3yq0p6p-BZryQ,adjacent_youtube,NewsPicks 解説,危機/不穏,カテゴリ認識の基準棚
OuBG3JySa-0,プレスリリース解説 vol.8「新型コロナウイルスに殺傷効果を持つ記憶免疫キラーT細胞 －体内に存在するもう一つの防御部隊－」,rikenchannel,UCIGmhpdcVev1Wc0YK7FHIig,https://www.youtube.com/channel/UCIGmhpdcVev1Wc0YK7FHIig,30700,30.7K subscribers,2021-12-08T01:00:26Z,2021-12-08,98209,,,6:30,https://www.youtube.com/watch?v=OuBG3JySa-0,https://i.ytimg.com/vi/OuBG3JySa-0/hq720.jpg?sqp=-oaymwEcCNAFEJQDSFXyq4qpAw4IARUAAIhCGAFwAcABBg==&rs=AOn4CLDkOmdSy_F1Do78B_xx6PpnIMsnzA,direct_competitor,rikenchannel 解説,棚観察候補,カテゴリ認識の基準棚
LsPXzbJPc2I,衆院選×経済を総点検！序盤情勢・目玉政策・マーケットの動向を徹底分析【テレ東 毎日選挙サテライト １時間拡大版】,テレ東BIZ ダイジェスト,UCkKVQ_GNjd8FbAuT6xDcWgg,https://www.youtube.com/channel/UCkKVQ_GNjd8FbAuT6xDcWgg,2610000,2.61M subscribers,2026-02-01T10:59:59Z,2026-02-01,92095,,,1:09:31,https://www.youtube.com/watch?v=LsPXzbJPc2I,https://i.ytimg.com/vi/LsPXzbJPc2I/hq720.jpg?sqp=-oaymwEcCNAFEJQDSFXyq4qpAw4IARUAAIhCGAFwAcABBg==&rs=AOn4CLAEU8CJeziMAQ3ZYmnWBaH0rFm2lg,adjacent_youtube,テレ東BIZ 日経解説,比較/判定,比較・判定で押す棚
q-r58_NgWcc,パスタレシピ10選【とっておきのレパートリー】,Tasty Japan,UCilGprjH_UBgR5vLVXPff3Q,https://www.youtube.com/channel/UCilGprjH_UBgR5vLVXPff3Q,685000,685K subscribers,2019-11-23T08:00:07Z,2019-11-23,91743,,,9:15,https://www.youtube.com/watch?v=q-r58_NgWcc,https://i.ytimg.com/vi/q-r58_NgWcc/hq720.jpg?sqp=-oaymwEcCNAFEJQDSFXyq4qpAw4IARUAAIhCGAFwAcABBg==&rs=AOn4CLDmT98I0QjN0K1we4vWCQMh2yXfFA,direct_competitor,Tasty Japan レシピ 基本,比較/判定,比較・判定で押す棚
BHJWrodXYEA,【化粧水＆乳液（コットン使用）】の使い方＜キレイの基本＞｜資生堂,"資生堂 Shiseido Co., Ltd.",UCrgHdSQWAXEv1QZpzgrJHnA,https://www.youtube.com/channel/UCrgHdSQWAXEv1QZpzgrJHnA,116000,116K subscribers,2022-12-22T09:23:17Z,2022-12-22,91159,,,3:14,https://www.youtube.com/watch?v=BHJWrodXYEA,https://i.ytimg.com/vi/BHJWrodXYEA/hq720.jpg?sqp=-oaymwE2CNAFEJQDSFXyq4qpAygIARUAAIhCGAFwAcABBvABAfgB_gmAAtAFigIMCAAQARhlIFAoRDAP&rs=AOn4CLB3MmqBqA_qzcHF4gZGAvWJQig9Bw,direct_competitor,資生堂 公式 メイク 基本,手順/チュートリアル | 手元/制作/実験,カテゴリ認識の基準棚
TUL_vNe0iZQ,すのこボックスの作り方 DIY【カインズHOWTO】,カインズ公式チャンネル,UCdldNm4RJ7_GclRsA5wk9kQ,https://www.youtube.com/channel/UCdldNm4RJ7_GclRsA5wk9kQ,151000,151K subscribers,2015-07-13T09:43:26Z,2015-07-13,84529,,,3:01,https://www.youtube.com/watch?v=TUL_vNe0iZQ,https://i.ytimg.com/vi/TUL_vNe0iZQ/hq720.jpg?sqp=-oaymwE2CNAFEJQDSFXyq4qpAygIARUAAIhCGAFwAcABBvABAfgB_gmAAtAFigIMCAAQARhlIGAoWzAP&rs=AOn4CLCVI6gCjE7bJ-cEVvYmM5jhrWmlLw,direct_competitor,カインズ公式 DIY やり方,YouTubeテーマ | 手順/チュートリアル | 手元/制作/実験,カテゴリ認識の基準棚
iaz0MTgU7SQ,【解説】米イラン協議正念場「原則合意」か「合意急がぬ」か（2026年05月26日）,FNNプライムオンライン,UCoQBJMzcwmXrRSHBFAlTsIw,https://www.youtube.com/channel/UCoQBJMzcwmXrRSHBFAlTsIw,2340000,2.34M subscribers,2026-05-26T08:30:08Z,2026-05-26,81151,,,4:45,https://www.youtube.com/watch?v=iaz0MTgU7SQ,https://i.ytimg.com/vi/iaz0MTgU7SQ/hq720.jpg?sqp=-oaymwEcCNAFEJQDSFXyq4qpAw4IARUAAIhCGAFwAcABBg==&rs=AOn4CLCGa_uuTznmWEAJUYfzZpSl9ctyqA,adjacent_youtube,FNNプライムオンライン 解説,棚観察候補,カテゴリ認識の基準棚
zFSA2HSY-b8,Squid Preparation [Orange Page: Cooking Basics],オレンジページ,UC59x74uwOrBaB6hwtC-4grg,https://www.youtube.com/channel/UC59x74uwOrBaB6hwtC-4grg,32000,32K subscribers,2009-09-01T01:59:30Z,2009-09-01,80938,,,4:38,https://www.youtube.com/watch?v=zFSA2HSY-b8,https://i.ytimg.com/vi/zFSA2HSY-b8/hqdefault.jpg?sqp=-oaymwEcCOADEI4CSFXyq4qpAw4IARUAAIhCGAFwAcABBg==&rs=AOn4CLCjeIp-eELjkUCgXWlSCY4g80EWfw,direct_competitor,オレンジページ 料理 基礎,画面操作/ソフト学習 | 手元/制作/実験,カテゴリ認識の基準棚
3VEDDkIvCGE,"【解説】経緯は？症状は？オミクロン株""市中感染"" 封じ込め強化",日テレNEWS,UCuTAXTexrhetbOe3zgskJBQ,https://www.youtube.com/channel/UCuTAXTexrhetbOe3zgskJBQ,3230000,3.23M subscribers,2021-12-23T10:39:30Z,2021-12-23,79434,,,9:11,https://www.youtube.com/watch?v=3VEDDkIvCGE,https://i.ytimg.com/vi/3VEDDkIvCGE/hq720.jpg?sqp=-oaymwEcCNAFEJQDSFXyq4qpAw4IARUAAIhCGAFwAcABBg==&rs=AOn4CLCdnlWgt_hPFDIeQQWWsnZ78MlZxQ,adjacent_youtube,日テレNEWS 解説,棚観察候補,カテゴリ認識の基準棚
MZY4UybcGI0,【衝撃】アンソロピック、トランプ政権と全面対決（Claude/ダリオ・アモデイ/ペンタゴン/国防総省/ヘグセス/解説：後藤直義、森川潤）,NewsPicks /ニューズピックス,UCfTnJmRQP79C4y_BMF_XrlA,https://www.youtube.com/channel/UCfTnJmRQP79C4y_BMF_XrlA,2190000,2.19M subscribers,2026-02-28T03:00:22Z,2026-02-28,77903,,,22:40,https://www.youtube.com/watch?v=MZY4UybcGI0,https://i.ytimg.com/vi/MZY4UybcGI0/hq720.jpg?sqp=-oaymwEcCNAFEJQDSFXyq4qpAw4IARUAAIhCGAFwAcABBg==&rs=AOn4CLAO64ZppIW-hlWOmyNl5EXgk2Cmzg,adjacent_youtube,NewsPicks 解説,棚観察候補,カテゴリ認識の基準棚
CmZCOMBaHGc,頭痛や倦怠感、めまい…潜在患者1000万人超の「気象病」に注意　春から6月に急増する理由【Nスタ解説】｜TBS NEWS DIG,TBS NEWS DIG Powered by JNN,UC6AG81pAkf6Lbi_1VC5NmPA,https://www.youtube.com/channel/UC6AG81pAkf6Lbi_1VC5NmPA,3280000,3.28M subscribers,2026-05-22T09:50:06Z,2026-05-22,74664,,,9:06,https://www.youtube.com/watch?v=CmZCOMBaHGc,https://i.ytimg.com/vi/CmZCOMBaHGc/hq720.jpg?sqp=-oaymwEcCNAFEJQDSFXyq4qpAw4IARUAAIhCGAFwAcABBg==&rs=AOn4CLAOQuZgPQ4DmXJWxl3up7F_ClTDhg,adjacent_youtube,TBS NEWS DIG 解説,質問/論点装置,カテゴリ認識の基準棚
QQYOh0QvZbw,【基本のハンバーグ】これで失敗知らず！肉だねからソースまで詳しく解説！,macaroni | マカロニ,UC6vzXCyUFiz0wMF6aIe7Isg,https://www.youtube.com/channel/UC6vzXCyUFiz0wMF6aIe7Isg,1160000,1.16M subscribers,2024-12-12T10:00:33Z,2024-12-12,72246,,,5:41,https://www.youtube.com/watch?v=QQYOh0QvZbw,https://i.ytimg.com/vi/QQYOh0QvZbw/hq720.jpg?sqp=-oaymwEcCNAFEJQDSFXyq4qpAw4IARUAAIhCGAFwAcABBg==&rs=AOn4CLC5-OXV9jKf8kHr2Vqdl2NdZ-I9bw,direct_competitor,macaroni マカロニ 基本 レシピ,危機/不穏,カテゴリ認識の基準棚
PLhY-QRm-vM,【スタディサプリENGLISH】関正生先生のTOEIC講義 リスニング問題解説編,スタディサプリ ENGLISH,UCphswhm1FXlTEXn0xNbFUlQ,https://www.youtube.com/channel/UCphswhm1FXlTEXn0xNbFUlQ,30400,30.4K subscribers,2019-08-22T11:13:54Z,2019-08-22,67429,,,3:04,https://www.youtube.com/watch?v=PLhY-QRm-vM,https://i.ytimg.com/vi/PLhY-QRm-vM/hqdefault.jpg?sqp=-oaymwEcCOADEI4CSFXyq4qpAw4IARUAAIhCGAFwAcABBg==&rs=AOn4CLD9ypn_7uAqCFl7V2_Wl8gjwUnpqg,direct_competitor,スタディサプリ ENGLISH 解説,危機/不穏 | ホワイトボード/例題,カテゴリ認識の基準棚
15VZGilpP4I,作ってみたい！コロッケレシピ6選,Tasty Japan,UCilGprjH_UBgR5vLVXPff3Q,https://www.youtube.com/channel/UCilGprjH_UBgR5vLVXPff3Q,685000,685K subscribers,2020-01-22T08:00:00Z,2020-01-22,63661,,,8:16,https://www.youtube.com/watch?v=15VZGilpP4I,https://i.ytimg.com/vi/15VZGilpP4I/hq720.jpg?sqp=-oaymwEcCNAFEJQDSFXyq4qpAw4IARUAAIhCGAFwAcABBg==&rs=AOn4CLD-OePc0QTJpK5NWaBxhY6SWQTMzA,direct_competitor,Tasty Japan レシピ 基本,比較/判定,比較・判定で押す棚
EeMDTsyuUl4,【夏のメイク崩れ】プロのヘアメイクが愛用する「絶対に崩れない」ベースメイクアイテム15選！防御力をアップするテクニックもご紹介,美的,UC887i8_cbn5e5H2fT7AsHig,https://www.youtube.com/channel/UC887i8_cbn5e5H2fT7AsHig,143000,143K subscribers,2025-08-15T10:00:20Z,2025-08-15,61606,,,13:39,https://www.youtube.com/watch?v=EeMDTsyuUl4,https://i.ytimg.com/vi/EeMDTsyuUl4/hq720.jpg?sqp=-oaymwEcCNAFEJQDSFXyq4qpAw4IARUAAIhCGAFwAcABBg==&rs=AOn4CLDfnAdsPH5zbQF0URNEpIKzZAGIfA,direct_competitor,美的 メイク やり方,美容カテゴリ認識 | 比較/判定 | 手順/チュートリアル | 手元/制作/実験,比較・判定で押す棚
VCOXtOicsRA,【Schoo】Python超入門 -1回目- | 辻 真吾 先生,Schoo,UCDS0UdkOIYJNRiDFmnowJIA,https://www.youtube.com/channel/UCDS0UdkOIYJNRiDFmnowJIA,11300,11.3K subscribers,2018-09-17T16:34:40Z,2018-09-17,61558,,,1:01:19,https://www.youtube.com/watch?v=VCOXtOicsRA,https://i.ytimg.com/vi/VCOXtOicsRA/hq720.jpg?sqp=-oaymwEcCNAFEJQDSFXyq4qpAw4IARUAAIhCGAFwAcABBg==&rs=AOn4CLAsWuL5ARWu2hXg5nh36Z4WfGgoDA,direct_competitor,Schoo 講座,教育カテゴリ認識 | 初心者導入 | 画面操作/ソフト学習,カテゴリ認識の基準棚
coO2pQ9y_7w,化学で探る宇宙の進化 観測と実験で星間分子にせまる｜Science Portal動画ニュース（2021年11月8日配信）,SCIENCE CHANNEL（JST）,UCHpFyLQgg4h9VZuFyby7RbQ,https://www.youtube.com/channel/UCHpFyLQgg4h9VZuFyby7RbQ,623000,623K subscribers,2021-11-08T05:00:57Z,2021-11-08,61195,,,5:10,https://www.youtube.com/watch?v=coO2pQ9y_7w,https://i.ytimg.com/vi/coO2pQ9y_7w/hq720.jpg?sqp=-oaymwEcCNAFEJQDSFXyq4qpAw4IARUAAIhCGAFwAcABBg==&rs=AOn4CLAfMm4L6vXkwjoO3Q7yz91IICEUhg,direct_competitor,SCIENCE CHANNEL JST 実験,手元/制作/実験,カテゴリ認識の基準棚
0g29bjNenOo,【解説】自民“優位”変わらぬ強み　比例投票先で無党派層の31.3％【衆院選FNN終盤情勢】（2026年02月06日）,FNNプライムオンライン,UCoQBJMzcwmXrRSHBFAlTsIw,https://www.youtube.com/channel/UCoQBJMzcwmXrRSHBFAlTsIw,2340000,2.34M subscribers,2026-02-06T09:30:01Z,2026-02-06,59375,,,6:02,https://www.youtube.com/watch?v=0g29bjNenOo,https://i.ytimg.com/vi/0g29bjNenOo/hq720.jpg?sqp=-oaymwEcCNAFEJQDSFXyq4qpAw4IARUAAIhCGAFwAcABBg==&rs=AOn4CLBvTmOe0ZwTU-3GKYh5DHHZvRydWg,adjacent_youtube,FNNプライムオンライン 解説,比較/判定,比較・判定で押す棚
a0BQXl8-WWk,テイクオフ！空飛ぶ実験室！JAXAの実験用航空機,JAXA | 宇宙航空研究開発機構,UCfMIdADo6FQayQCOkLYGhrQ,https://www.youtube.com/channel/UCfMIdADo6FQayQCOkLYGhrQ,432000,432K subscribers,2015-02-20T09:10:50Z,2015-02-20,56893,,,7:41,https://www.youtube.com/watch?v=a0BQXl8-WWk,https://i.ytimg.com/vi/a0BQXl8-WWk/hq720.jpg?sqp=-oaymwE2CNAFEJQDSFXyq4qpAygIARUAAIhCGAFwAcABBvABAfgB_gmAAtAFigIMCAAQARhlIGMoVjAP&rs=AOn4CLAsB3HDHq25xoQvNmhTFWL5tg1sxg,direct_competitor,JAXA 実験 解説,手元/制作/実験,カテゴリ認識の基準棚
IqrY8Eb9tHc,【ベースメイク】マキアージュでつくる崩れにくいベースメイク術！毛穴・クマ・テカリなどの肌悩みをカバーしながら梅雨や夏の汗にも負けないメイクポイントを美容部員が徹底解説！【乾燥肌／混合肌】｜資生堂,資生堂ビューティージャーニー,UC86IXYUeQgUKqar6I3GSqkQ,https://www.youtube.com/channel/UC86IXYUeQgUKqar6I3GSqkQ,87900,87.9K subscribers,2024-05-18T10:00:14Z,2024-05-18,54685,,,6:40,https://www.youtube.com/watch?v=IqrY8Eb9tHc,https://i.ytimg.com/vi/IqrY8Eb9tHc/hq720.jpg?sqp=-oaymwEcCNAFEJQDSFXyq4qpAw4IARUAAIhCGAFwAcABBg==&rs=AOn4CLDxpsxfzMM7Z04BPAX2eDrslm1rfA,direct_competitor,資生堂 公式 メイク 基本 | 資生堂ビューティージャーニー メイク 基本,美容カテゴリ認識 | 質問/論点装置 | 手元/制作/実験,カテゴリ認識の基準棚
PME8o167m4M,【Photoshop】初心者向け：画像編集をしよう #1 | アドビ公式,AdobeCreativeStation,UCT_ByvEol9W0T6MwdL0j0Dw,https://www.youtube.com/channel/UCT_ByvEol9W0T6MwdL0j0Dw,180000,180K subscribers,2023-04-19T07:59:07Z,2023-04-19,53614,,,12:40,https://www.youtube.com/watch?v=PME8o167m4M,https://i.ytimg.com/vi/PME8o167m4M/hq720.jpg?sqp=-oaymwEcCNAFEJQDSFXyq4qpAw4IARUAAIhCGAFwAcABBg==&rs=AOn4CLCRU7DEhkfsh45JT9VJ0hQZfUHiNQ,direct_competitor,AdobeCreativeStation Photoshop,初心者導入 | 画面操作/ソフト学習,カテゴリ認識の基準棚
1mTWC_F6xeQ,【DIY】材料2つだけ！マクラメフラワーキーホルダーの作り方【カインズ】,カインズ公式チャンネル,UCdldNm4RJ7_GclRsA5wk9kQ,https://www.youtube.com/channel/UCdldNm4RJ7_GclRsA5wk9kQ,151000,151K subscribers,2024-07-05T12:05:07Z,2024-07-05,51625,,,16:14,https://www.youtube.com/watch?v=1mTWC_F6xeQ,https://i.ytimg.com/vi/1mTWC_F6xeQ/hq720.jpg?sqp=-oaymwEcCNAFEJQDSFXyq4qpAw4IARUAAIhCGAFwAcABBg==&rs=AOn4CLCp3cLd8Ag_jN3z_nZnI_e8XkwnGw,direct_competitor,カインズ公式 DIY やり方,YouTubeテーマ | 手順/チュートリアル | 手元/制作/実験,カテゴリ認識の基準棚
uR4roA5Tt9Q,【きぼうルームツアー】JAXA大西卓哉宇宙飛行士が「きぼう」日本実験棟を大解説！,JAXA | 宇宙航空研究開発機構,UCfMIdADo6FQayQCOkLYGhrQ,https://www.youtube.com/channel/UCfMIdADo6FQayQCOkLYGhrQ,432000,432K subscribers,2025-07-03T08:55:27Z,2025-07-03,49327,,,18:40,https://www.youtube.com/watch?v=uR4roA5Tt9Q,https://i.ytimg.com/vi/uR4roA5Tt9Q/hq720.jpg?sqp=-oaymwEcCNAFEJQDSFXyq4qpAw4IARUAAIhCGAFwAcABBg==&rs=AOn4CLAoeQhZ5ARhr6YOPbbb6i7INt_j5A,direct_competitor,JAXA 実験 解説,手元/制作/実験,カテゴリ認識の基準棚
llsO64UTtyM,たまごを使った美味しいレシピ4選 / 4 TASTY EGG RERCIPES,Tasty Japan,UCilGprjH_UBgR5vLVXPff3Q,https://www.youtube.com/channel/UCilGprjH_UBgR5vLVXPff3Q,685000,685K subscribers,2020-05-12T02:00:05Z,2020-05-12,48224,,,4:16,https://www.youtube.com/watch?v=llsO64UTtyM,https://i.ytimg.com/vi/llsO64UTtyM/hq720.jpg?sqp=-oaymwEcCNAFEJQDSFXyq4qpAw4IARUAAIhCGAFwAcABBg==&rs=AOn4CLCq63GU10QDEX5R_Tloszj_EcmDOg,direct_competitor,Tasty Japan レシピ 基本,比較/判定,比較・判定で押す棚
M1qLIz54r5Q,[Must-See] Professional tips on how to use truly useful makeup brushes,美的,UC887i8_cbn5e5H2fT7AsHig,https://www.youtube.com/channel/UC887i8_cbn5e5H2fT7AsHig,143000,143K subscribers,2023-06-12T10:00:21Z,2023-06-12,47398,,,11:44,https://www.youtube.com/watch?v=M1qLIz54r5Q,https://i.ytimg.com/vi/M1qLIz54r5Q/hq720.jpg?sqp=-oaymwEcCNAFEJQDSFXyq4qpAw4IARUAAIhCGAFwAcABBg==&rs=AOn4CLCM_Fs4x8V7M69J6t0DFKMdc47oHA,direct_competitor,美的 メイク やり方,手順/チュートリアル | 手元/制作/実験,カテゴリ認識の基準棚
V4Is_FyL9XQ,【基本のナポリタン】おうちで再現！喫茶店の味。ランチにもおすすめ♪,macaroni | マカロニ,UC6vzXCyUFiz0wMF6aIe7Isg,https://www.youtube.com/channel/UC6vzXCyUFiz0wMF6aIe7Isg,1160000,1.16M subscribers,2021-06-17T03:00:11Z,2021-06-17,46092,,,3:40,https://www.youtube.com/watch?v=V4Is_FyL9XQ,https://i.ytimg.com/vi/V4Is_FyL9XQ/hq720.jpg?sqp=-oaymwEcCNAFEJQDSFXyq4qpAw4IARUAAIhCGAFwAcABBg==&rs=AOn4CLCusknrQYNIE17afnbKS_IcZCZKeA,direct_competitor,macaroni マカロニ 基本 レシピ,棚観察候補,カテゴリ認識の基準棚
6Ei27YE1_h0,【解説】１人→９人に感染も  デルタ株の強い感染力（2021年8月2日放送「news every.」より）,日テレNEWS,UCuTAXTexrhetbOe3zgskJBQ,https://www.youtube.com/channel/UCuTAXTexrhetbOe3zgskJBQ,3230000,3.23M subscribers,2021-08-02T10:58:24Z,2021-08-02,45909,,,9:02,https://www.youtube.com/watch?v=6Ei27YE1_h0,https://i.ytimg.com/vi/6Ei27YE1_h0/hqdefault.jpg?sqp=-oaymwEcCOADEI4CSFXyq4qpAw4IARUAAIhCGAFwAcABBg==&rs=AOn4CLBvsbQMKKnaRfp7lABY9ToULQ2hKg,adjacent_youtube,日テレNEWS 解説,棚観察候補,カテゴリ認識の基準棚
nMPZdpeSYag,【解説】辺野古沖転覆　文部科学省が同志社国際高の研修旅行「著しく不適切」数々の問題点を指摘（2026年05月25日）,FNNプライムオンライン,UCoQBJMzcwmXrRSHBFAlTsIw,https://www.youtube.com/channel/UCoQBJMzcwmXrRSHBFAlTsIw,2340000,2.34M subscribers,2026-05-25T09:00:19Z,2026-05-25,45758,,,3:54,https://www.youtube.com/watch?v=nMPZdpeSYag,https://i.ytimg.com/vi/nMPZdpeSYag/hq720.jpg?sqp=-oaymwEcCNAFEJQDSFXyq4qpAw4IARUAAIhCGAFwAcABBg==&rs=AOn4CLA-tG9UVrSthRfxXqeuDsj9jnSoEw,adjacent_youtube,FNNプライムオンライン 解説,危機/不穏 | ホワイトボード/例題 | 手元/制作/実験,カテゴリ認識の基準棚
8X6ECMosvK4,【解説】コメ増産“見直し”来年は生産減らす…“生産者側寄り”鈴木憲和農水相就任で政策・価格はどうなる？,FNNプライムオンライン,UCoQBJMzcwmXrRSHBFAlTsIw,https://www.youtube.com/channel/UCoQBJMzcwmXrRSHBFAlTsIw,2340000,2.34M subscribers,2025-10-23T11:06:30Z,2025-10-23,45239,,,6:04,https://www.youtube.com/watch?v=8X6ECMosvK4,https://i.ytimg.com/vi/8X6ECMosvK4/hq720.jpg?sqp=-oaymwEcCNAFEJQDSFXyq4qpAw4IARUAAIhCGAFwAcABBg==&rs=AOn4CLA4clQVbL3apzlUYq5lyZYPCLECpw,adjacent_youtube,FNNプライムオンライン 解説,棚観察候補,カテゴリ認識の基準棚
US3cbW-xa5U,【夏の弁当作り 注意点は？】季節外れの暑さ「お弁当事情」調査、忙しい朝の粗熱対策 5分で解消【Nスタ解説】｜TBS NEWS DIG,TBS NEWS DIG Powered by JNN,UC6AG81pAkf6Lbi_1VC5NmPA,https://www.youtube.com/channel/UC6AG81pAkf6Lbi_1VC5NmPA,3280000,3.28M subscribers,2026-05-20T12:21:40Z,2026-05-20,43186,,,6:48,https://www.youtube.com/watch?v=US3cbW-xa5U,https://i.ytimg.com/vi/US3cbW-xa5U/hq720.jpg?sqp=-oaymwEcCNAFEJQDSFXyq4qpAw4IARUAAIhCGAFwAcABBg==&rs=AOn4CLBerya1hHNlR9vBbWTfwy3ErTZoFA,adjacent_youtube,TBS NEWS DIG 解説,棚観察候補,カテゴリ認識の基準棚
49Wg_HoXLjM,【解説】各党の新たな公約は？消費税などの政策が争点に…衆院解散で異例の選挙戦が幕開け  (2026年01月23日),FNNプライムオンライン,UCoQBJMzcwmXrRSHBFAlTsIw,https://www.youtube.com/channel/UCoQBJMzcwmXrRSHBFAlTsIw,2340000,2.34M subscribers,2026-01-23T09:31:09Z,2026-01-23,42879,,,8:13,https://www.youtube.com/watch?v=49Wg_HoXLjM,https://i.ytimg.com/vi/49Wg_HoXLjM/hq720.jpg?sqp=-oaymwEcCNAFEJQDSFXyq4qpAw4IARUAAIhCGAFwAcABBg==&rs=AOn4CLBs9jQzuBe7S2TT98oW6UVhD8Kl6g,adjacent_youtube,FNNプライムオンライン 解説,比較/判定,比較・判定で押す棚
SDIqvnkx-a8,でんきの科学館チャンネル「にんじんがそらをとぶ？！ふしぎな野菜ロケットの実験」,でんきの科学館チャンネル,UCDU4CTPk380VmY6fD_ddxmQ,https://www.youtube.com/channel/UCDU4CTPk380VmY6fD_ddxmQ,4940,4.94K subscribers,2021-01-23T04:09:31Z,2021-01-23,42423,,,5:39,https://www.youtube.com/watch?v=SDIqvnkx-a8,https://i.ytimg.com/vi/SDIqvnkx-a8/hqdefault.jpg?sqp=-oaymwEcCOADEI4CSFXyq4qpAw4IARUAAIhCGAFwAcABBg==&rs=AOn4CLBLfF_JnEDrNfSkiO7B0Q33gvDlaA,direct_competitor,でんきの科学館 実験,YouTubeテーマ | 手元/制作/実験,カテゴリ認識の基準棚
AKa0OgitNW4,日経平均 一時2300円高 相場の行方は“原油次第”【長江優子のマーケット解説】,テレ東BIZ ダイジェスト,UCkKVQ_GNjd8FbAuT6xDcWgg,https://www.youtube.com/channel/UCkKVQ_GNjd8FbAuT6xDcWgg,2610000,2.61M subscribers,2026-03-05T09:23:18Z,2026-03-05,42097,,,13:41,https://www.youtube.com/watch?v=AKa0OgitNW4,https://i.ytimg.com/vi/AKa0OgitNW4/hq720.jpg?sqp=-oaymwEcCNAFEJQDSFXyq4qpAw4IARUAAIhCGAFwAcABBg==&rs=AOn4CLBHeFYHDIl6ZaIA335HZoz2YcCm0Q,adjacent_youtube,テレ東BIZ 日経解説,棚観察候補,カテゴリ認識の基準棚
64CZXS31hxU,【日経解説】サイバー攻撃はもはや防げない 侵入された後の対応が重要【NIKKEI NEWS NEXT】,テレ東BIZ ダイジェスト,UCkKVQ_GNjd8FbAuT6xDcWgg,https://www.youtube.com/channel/UCkKVQ_GNjd8FbAuT6xDcWgg,2610000,2.61M subscribers,2025-10-16T01:31:18Z,2025-10-16,40615,,,8:26,https://www.youtube.com/watch?v=64CZXS31hxU,https://i.ytimg.com/vi/64CZXS31hxU/hq720.jpg?sqp=-oaymwEcCNAFEJQDSFXyq4qpAw4IARUAAIhCGAFwAcABBg==&rs=AOn4CLCofLLuWvjHqV76HBXATLop8CObXA,adjacent_youtube,日経 解説 | テレ東BIZ 日経解説,棚観察候補,カテゴリ認識の基準棚
9ZUy3hDfOYM,【新企画！】人気メイクアップアーティスト石川ユウキのメイクポーチの中身全公開＆愛用コスメトーク！,美的,UC887i8_cbn5e5H2fT7AsHig,https://www.youtube.com/channel/UC887i8_cbn5e5H2fT7AsHig,143000,143K subscribers,2023-12-15T10:00:10Z,2023-12-15,40328,,,11:58,https://www.youtube.com/watch?v=9ZUy3hDfOYM,https://i.ytimg.com/vi/9ZUy3hDfOYM/hq720.jpg?sqp=-oaymwEcCNAFEJQDSFXyq4qpAw4IARUAAIhCGAFwAcABBg==&rs=AOn4CLBJ5lWbVExCcNz9ssH04XonhQ1Inw,direct_competitor,美的 メイク やり方,手順/チュートリアル | 手元/制作/実験,カテゴリ認識の基準棚
bw2fEyqCNOk,PRODUCED BY RECRUIT【スタディサプリ】中2英語 基礎,スタディサプリ小学講座・中学講座,UCjTaIvRusM6NM_HMLX8qRkw,https://www.youtube.com/channel/UCjTaIvRusM6NM_HMLX8qRkw,2140,2.14K subscribers,2015-03-17T03:47:07Z,2015-03-17,39904,,,10:06,https://www.youtube.com/watch?v=bw2fEyqCNOk,https://i.ytimg.com/vi/bw2fEyqCNOk/hq720.jpg?sqp=-oaymwE2CNAFEJQDSFXyq4qpAygIARUAAIhCGAFwAcABBvABAfgB_gmAAtAFigIMCAAQARhaIGUoUzAP&rs=AOn4CLAbl3EKHdfozS21W1MjJ0gwyqpV9g,direct_competitor,スタディサプリ ENGLISH 解説,教育カテゴリ認識 | 画面操作/ソフト学習,カテゴリ認識の基準棚
r9ZpCdU_4nE,海外投資家 持たざるリスクで日本買い!? 中東混乱でも株価高値圏 なぜ？ 今後は？【NIKKEI NEWS NEXT】,テレ東BIZ ダイジェスト,UCkKVQ_GNjd8FbAuT6xDcWgg,https://www.youtube.com/channel/UCkKVQ_GNjd8FbAuT6xDcWgg,2610000,2.61M subscribers,2026-04-22T02:00:17Z,2026-04-22,39478,,,8:51,https://www.youtube.com/watch?v=r9ZpCdU_4nE,https://i.ytimg.com/vi/r9ZpCdU_4nE/hq720.jpg?sqp=-oaymwEcCNAFEJQDSFXyq4qpAw4IARUAAIhCGAFwAcABBg==&rs=AOn4CLC14D53bKiNj07A4uDN1ziuIct7Kg,adjacent_youtube,テレ東BIZ 日経解説,質問/論点装置 | ゲスト権威,カテゴリ認識の基準棚
38WMvY6F4FE,【Schoo】Pythonで学ぶ機械学習/ディープラーニング実践 -第1回 基礎編- | 金森 渉 先生,Schoo,UCDS0UdkOIYJNRiDFmnowJIA,https://www.youtube.com/channel/UCDS0UdkOIYJNRiDFmnowJIA,11300,11.3K subscribers,2018-09-17T16:41:31Z,2018-09-17,37254,,,59:50,https://www.youtube.com/watch?v=38WMvY6F4FE,https://i.ytimg.com/vi/38WMvY6F4FE/hq720.jpg?sqp=-oaymwEcCNAFEJQDSFXyq4qpAw4IARUAAIhCGAFwAcABBg==&rs=AOn4CLCKc6VbKufnqyDbMcLlKACrvNSIEA,direct_competitor,Schoo 講座,教育カテゴリ認識 | 実演/ハンズオン | 画面操作/ソフト学習,カテゴリ認識の基準棚
vzlxH_3U2yY,アレンジ餃子レシピ7選♪,Tasty Japan,UCilGprjH_UBgR5vLVXPff3Q,https://www.youtube.com/channel/UCilGprjH_UBgR5vLVXPff3Q,685000,685K subscribers,2020-04-19T02:00:10Z,2020-04-19,35134,,,10:10,https://www.youtube.com/watch?v=vzlxH_3U2yY,https://i.ytimg.com/vi/vzlxH_3U2yY/hq720.jpg?sqp=-oaymwEcCNAFEJQDSFXyq4qpAw4IARUAAIhCGAFwAcABBg==&rs=AOn4CLClgzDiZCy1-AUPKAZPcvNY5Hh4mw,direct_competitor,Tasty Japan レシピ 基本,比較/判定,比較・判定で押す棚
j5GTjacxnKo,【解説】皇室典範の改正、議論が加速  課題多く【イチから確認 高市政策】,日テレNEWS,UCuTAXTexrhetbOe3zgskJBQ,https://www.youtube.com/channel/UCuTAXTexrhetbOe3zgskJBQ,3230000,3.23M subscribers,2026-05-18T12:39:27Z,2026-05-18,33892,,,10:03,https://www.youtube.com/watch?v=j5GTjacxnKo,https://i.ytimg.com/vi/j5GTjacxnKo/hq720.jpg?sqp=-oaymwEcCNAFEJQDSFXyq4qpAw4IARUAAIhCGAFwAcABBg==&rs=AOn4CLDFagqlUJq5bgz3MUO6Az0lChdmqw,adjacent_youtube,日テレNEWS 解説,棚観察候補,カテゴリ認識の基準棚
4jeYBdFIGc4,【ベースメイク】毛穴をメイクで徹底カバー！美容部員が選ぶおススメコスメとカバーテクニックを肌質別にご紹介✨！ 乾燥肌／混合肌｜資生堂,資生堂ビューティージャーニー,UC86IXYUeQgUKqar6I3GSqkQ,https://www.youtube.com/channel/UC86IXYUeQgUKqar6I3GSqkQ,87900,87.9K subscribers,2023-05-06T10:00:01Z,2023-05-06,32828,,,11:24,https://www.youtube.com/watch?v=4jeYBdFIGc4,https://i.ytimg.com/vi/4jeYBdFIGc4/hq720.jpg?sqp=-oaymwEcCNAFEJQDSFXyq4qpAw4IARUAAIhCGAFwAcABBg==&rs=AOn4CLCgdt1Zw70nQ5kdcJpsedc_uLq6UQ,direct_competitor,資生堂ビューティージャーニー メイク 基本,美容カテゴリ認識 | 比較/判定 | 手元/制作/実験,比較・判定で押す棚
CSUpwjXkuS8,【CAINZ DIY ワークショップ】毎月イベント開催中♪気軽に体験できるカインズDIY講座の様子をご紹介します。女性も参加しやすい雰囲気♪楽しくて”自信”がつきますよ！詳しくは概要・コメント欄にて！,カインズ公式チャンネル,UCdldNm4RJ7_GclRsA5wk9kQ,https://www.youtube.com/channel/UCdldNm4RJ7_GclRsA5wk9kQ,151000,151K subscribers,2020-11-16T09:00:02Z,2020-11-16,32489,,,3:20,https://www.youtube.com/watch?v=CSUpwjXkuS8,https://i.ytimg.com/vi/CSUpwjXkuS8/hq720.jpg?sqp=-oaymwEcCNAFEJQDSFXyq4qpAw4IARUAAIhCGAFwAcABBg==&rs=AOn4CLA3LW-hLxyl1YCtlj36sV7wuSYNNQ,direct_competitor,カインズ公式 DIY やり方,YouTubeテーマ | 教育カテゴリ認識 | 手順/チュートリアル | 手元/制作/実験,カテゴリ認識の基準棚
FMD83dbFUYQ,AIとともに、誰もがデザインできる世界へーCanvaクリエイト2026【Canva 公式（キャンバ）】,Canva 公式 (キャンバ),UCu6J4jCafHAggFHX8axu-KQ,https://www.youtube.com/channel/UCu6J4jCafHAggFHX8axu-KQ,20000,20K subscribers,2026-05-23T12:42:52Z,2026-05-23,30968,,,6:32:26,https://www.youtube.com/watch?v=FMD83dbFUYQ,https://i.ytimg.com/vi/FMD83dbFUYQ/hq720.jpg?sqp=-oaymwEcCNAFEJQDSFXyq4qpAw4IARUAAIhCGAFwAcABBg==&rs=AOn4CLBJzARHEQBXmu6VkJHigBpsqu63-g,direct_competitor,Canva 公式 キャンバ 使い方,手順/チュートリアル | 画面操作/ソフト学習,操作画面を到達点で押す棚
2ZJs8JRlbts,「酷暑」 予報で…売れ筋は“省電力”　扇風機が大人気！？最新扇風機は“しゃべる”？【Ｎスタ解説】｜TBS NEWS DIG,TBS NEWS DIG Powered by JNN,UC6AG81pAkf6Lbi_1VC5NmPA,https://www.youtube.com/channel/UC6AG81pAkf6Lbi_1VC5NmPA,3280000,3.28M subscribers,2023-06-20T11:17:17Z,2023-06-20,30925,,,7:07,https://www.youtube.com/watch?v=2ZJs8JRlbts,https://i.ytimg.com/vi/2ZJs8JRlbts/hq720.jpg?sqp=-oaymwEcCNAFEJQDSFXyq4qpAw4IARUAAIhCGAFwAcABBg==&rs=AOn4CLAfu_KIbHaYiDU8HzOLSRxWtAsvdQ,adjacent_youtube,TBS NEWS DIG 解説,棚観察候補,カテゴリ認識の基準棚
Dt9PaYG7aao,熟語の受動態は文型をよく考える - 関先生の中3応用英語 #英語 #english #英会話 #勉強 #受験,スタディサプリ,UCxLohCmWDYwpH5XZXDMf_9Q,https://www.youtube.com/channel/UCxLohCmWDYwpH5XZXDMf_9Q,170000,170K subscribers,2023-07-08T11:00:08Z,2023-07-08,30746,,,18:43,https://www.youtube.com/watch?v=Dt9PaYG7aao,https://i.ytimg.com/vi/Dt9PaYG7aao/hq720.jpg?sqp=-oaymwEcCNAFEJQDSFXyq4qpAw4IARUAAIhCGAFwAcABBg==&rs=AOn4CLA8RkgLPcc6pX7zBeXesbp2TdwlxQ,direct_competitor,スタディサプリ ENGLISH 解説,教育カテゴリ認識,カテゴリ認識の基準棚
-_eIaaJ_kTQ,【解説】新型コロナ“第8波”来るか  新たな「変異系統」確認…“免疫逃避”強くワクチン効きにくい？『知りたいッ！』,日テレNEWS,UCuTAXTexrhetbOe3zgskJBQ,https://www.youtube.com/channel/UCuTAXTexrhetbOe3zgskJBQ,3230000,3.23M subscribers,2022-10-28T11:54:45Z,2022-10-28,29198,,,7:57,https://www.youtube.com/watch?v=-_eIaaJ_kTQ,https://i.ytimg.com/vi/-_eIaaJ_kTQ/hq720.jpg?sqp=-oaymwEcCNAFEJQDSFXyq4qpAw4IARUAAIhCGAFwAcABBg==&rs=AOn4CLBUk9xO5KgNP-hs1o0SGG3TZ_sQgw,adjacent_youtube,日テレNEWS 解説,棚観察候補,カテゴリ認識の基準棚
_X9jUdTvSXc,航空教室 by JAXA（実験用航空機編）,JAXA | 宇宙航空研究開発機構,UCfMIdADo6FQayQCOkLYGhrQ,https://www.youtube.com/channel/UCfMIdADo6FQayQCOkLYGhrQ,432000,432K subscribers,2020-12-24T01:00:02Z,2020-12-24,28262,,,7:44,https://www.youtube.com/watch?v=_X9jUdTvSXc,https://i.ytimg.com/vi/_X9jUdTvSXc/hq720.jpg?sqp=-oaymwEcCNAFEJQDSFXyq4qpAw4IARUAAIhCGAFwAcABBg==&rs=AOn4CLCLKEn2YYSqd_sVfuNgOFM7Ji2T5g,direct_competitor,JAXA 実験 解説,手元/制作/実験,カテゴリ認識の基準棚
DahZaguS5YA,プレスリリース解説 vol.13「赤ちゃんの泣きやみと寝かしつけの科学」,rikenchannel,UCIGmhpdcVev1Wc0YK7FHIig,https://www.youtube.com/channel/UCIGmhpdcVev1Wc0YK7FHIig,30700,30.7K subscribers,2022-09-13T15:00:09Z,2022-09-13,28092,,,6:38,https://www.youtube.com/watch?v=DahZaguS5YA,https://i.ytimg.com/vi/DahZaguS5YA/hq720.jpg?sqp=-oaymwEcCNAFEJQDSFXyq4qpAw4IARUAAIhCGAFwAcABBg==&rs=AOn4CLDMql4L47xziWTbEbVw1LUBUHnZzQ,direct_competitor,rikenchannel 解説,手元/制作/実験,カテゴリ認識の基準棚
70WE1pCfL7s,【2025年最新眉メイク】神業公開！メンズヘアメイク3人がしっかり眉さん&まばら眉さんに向けて眉毛の描き方をレクチャー,美的,UC887i8_cbn5e5H2fT7AsHig,https://www.youtube.com/channel/UC887i8_cbn5e5H2fT7AsHig,143000,143K subscribers,2025-06-06T12:00:10Z,2025-06-06,27995,,,16:00,https://www.youtube.com/watch?v=70WE1pCfL7s,https://i.ytimg.com/vi/70WE1pCfL7s/hq720.jpg?sqp=-oaymwEcCNAFEJQDSFXyq4qpAw4IARUAAIhCGAFwAcABBg==&rs=AOn4CLD1LkAsI9zrdL-9cDXN13ywBdZ9WQ,direct_competitor,美的 メイク やり方,美容カテゴリ認識 | 手順/チュートリアル | 手元/制作/実験,カテゴリ認識の基準棚
fkuc_xFemZc,【眉の描き方】完全保存版！現役美容部員が教える正しい眉の描き方！失敗しにくいアイブロウテクニックをわかりやすく解説します✨基本眉／薄眉／濃い眉｜資生堂,資生堂ビューティージャーニー,UC86IXYUeQgUKqar6I3GSqkQ,https://www.youtube.com/channel/UC86IXYUeQgUKqar6I3GSqkQ,87900,87.9K subscribers,2024-01-27T10:00:27Z,2024-01-27,27724,,,10:25,https://www.youtube.com/watch?v=fkuc_xFemZc,https://i.ytimg.com/vi/fkuc_xFemZc/hq720.jpg?sqp=-oaymwEcCNAFEJQDSFXyq4qpAw4IARUAAIhCGAFwAcABBg==&rs=AOn4CLDLqtg51DgmKW1MAa3Jfgy4KzD8aA,direct_competitor,資生堂ビューティージャーニー メイク 基本,美容カテゴリ認識 | 危機/不穏 | 手元/制作/実験,カテゴリ認識の基準棚
g503vti11tw,巨人・阿部慎之助監督が辞任　長女「殴る蹴るはない」とコメントも…なぜ児童相談所は警察に通報したのか【Nスタ解説】｜TBS NEWS DIG,TBS NEWS DIG Powered by JNN,UC6AG81pAkf6Lbi_1VC5NmPA,https://www.youtube.com/channel/UC6AG81pAkf6Lbi_1VC5NmPA,3280000,3.28M subscribers,2026-05-26T09:45:17Z,2026-05-26,26971,,,7:11,https://www.youtube.com/watch?v=g503vti11tw,https://i.ytimg.com/vi/g503vti11tw/hq720.jpg?sqp=-oaymwEcCNAFEJQDSFXyq4qpAw4IARUAAIhCGAFwAcABBg==&rs=AOn4CLC6qnfpEzXg9njBu0b7L23jV-AI_A,adjacent_youtube,TBS NEWS DIG 解説,質問/論点装置,カテゴリ認識の基準棚
3N1xb4J2SyA,国立天文台望遠鏡キットの使い方,国立天文台 (NAOJ),UCe3kXTl3OjqchQseJe3qmvg,https://www.youtube.com/channel/UCe3kXTl3OjqchQseJe3qmvg,107000,107K subscribers,2021-07-14T01:08:51Z,2021-07-14,26358,,,12:18,https://www.youtube.com/watch?v=3N1xb4J2SyA,https://i.ytimg.com/vi/3N1xb4J2SyA/hq720.jpg?sqp=-oaymwEcCNAFEJQDSFXyq4qpAw4IARUAAIhCGAFwAcABBg==&rs=AOn4CLBkDOVhdTXKIaOd6eL7o2YVhSRMBQ,direct_competitor,国立天文台 解説,手順/チュートリアル,カテゴリ認識の基準棚
Y-rrACNXcVA,でんきの科学館チャンネル「実験 ふしぎな浮きでる絵」,でんきの科学館チャンネル,UCDU4CTPk380VmY6fD_ddxmQ,https://www.youtube.com/channel/UCDU4CTPk380VmY6fD_ddxmQ,4940,4.94K subscribers,2020-10-24T00:01:20Z,2020-10-24,23304,,,3:07,https://www.youtube.com/watch?v=Y-rrACNXcVA,https://i.ytimg.com/vi/Y-rrACNXcVA/hq720.jpg?sqp=-oaymwEcCNAFEJQDSFXyq4qpAw4IARUAAIhCGAFwAcABBg==&rs=AOn4CLARzYtpbQJdgmw1tFze_nFgGwytLQ,direct_competitor,サイエンスチャンネル 実験 | でんきの科学館 実験,YouTubeテーマ | 手元/制作/実験,カテゴリ認識の基準棚
2RcuSvU2q0c,Copilot Chat 超入門編 － 初心者でもすぐに使えるカンタン解説動画,Microsoft 365 Japan,UCYtdGqRhfUG69GlOj1jdi5w,https://www.youtube.com/channel/UCYtdGqRhfUG69GlOj1jdi5w,45400,45.4K subscribers,2025-06-23T08:01:19Z,2025-06-23,22954,,,24:17,https://www.youtube.com/watch?v=2RcuSvU2q0c,https://i.ytimg.com/vi/2RcuSvU2q0c/hq720.jpg?sqp=-oaymwEcCNAFEJQDSFXyq4qpAw4IARUAAIhCGAFwAcABBg==&rs=AOn4CLDCVmVx8VniRB5MkLthzNfug1BkSg,direct_competitor,Microsoft 365 Japan 使い方 解説,手順/チュートリアル | 初心者導入,初心者安心と手順感で押す棚
PCeRuro5Dbs,【Photoshop】初心者向け：バナーを作ろう #3 | アドビ公式,AdobeCreativeStation,UCT_ByvEol9W0T6MwdL0j0Dw,https://www.youtube.com/channel/UCT_ByvEol9W0T6MwdL0j0Dw,180000,180K subscribers,2023-04-19T07:59:18Z,2023-04-19,22557,,,16:27,https://www.youtube.com/watch?v=PCeRuro5Dbs,https://i.ytimg.com/vi/PCeRuro5Dbs/hq720.jpg?sqp=-oaymwEcCNAFEJQDSFXyq4qpAw4IARUAAIhCGAFwAcABBg==&rs=AOn4CLCe6cEqGW-nvMrAAdwzDPQdp5qjMw,direct_competitor,AdobeCreativeStation Photoshop,初心者導入 | 画面操作/ソフト学習,カテゴリ認識の基準棚
v_DZh6URl6I,【全種レビュー】美容部員も感動！新生インウイのベースメイクと眉アイテムを全品徹底レビュー✨肌タイプ別に比較しておすすめの使い方をご紹介！ 乾燥肌／混合肌｜資生堂,資生堂ビューティージャーニー,UC86IXYUeQgUKqar6I3GSqkQ,https://www.youtube.com/channel/UC86IXYUeQgUKqar6I3GSqkQ,87900,87.9K subscribers,2023-10-03T10:00:50Z,2023-10-03,21405,,,8:48,https://www.youtube.com/watch?v=v_DZh6URl6I,https://i.ytimg.com/vi/v_DZh6URl6I/hq720.jpg?sqp=-oaymwEcCNAFEJQDSFXyq4qpAw4IARUAAIhCGAFwAcABBg==&rs=AOn4CLCtKh1lXfyzjA26AMcjcAtGecy6jA,direct_competitor,資生堂ビューティージャーニー メイク 基本,美容カテゴリ認識 | 比較/判定 | 手順/チュートリアル | 手元/制作/実験,比較・判定で押す棚
1gLNldIg0js,[Photoshop CS6の秘法],AdobeCreativeStation,UCT_ByvEol9W0T6MwdL0j0Dw,https://www.youtube.com/channel/UCT_ByvEol9W0T6MwdL0j0Dw,180000,180K subscribers,2012-12-14T03:57:31Z,2012-12-14,20886,,,1:07:15,https://www.youtube.com/watch?v=1gLNldIg0js,https://i.ytimg.com/vi/1gLNldIg0js/hq720.jpg?sqp=-oaymwEcCNAFEJQDSFXyq4qpAw4IARUAAIhCGAFwAcABBg==&rs=AOn4CLAok8GCCTWycWsAnWMoi5_yqpvXnw,direct_competitor,AdobeCreativeStation Photoshop,画面操作/ソフト学習,カテゴリ認識の基準棚
7Tv6WBPyq1Y,【一重メイク】完全保存版！一重さんならではのお悩みを現役美容部員が解決！デカ目が叶うアイメイク術と立体感＆華やか印象を演出するポイントメイクをご紹介します✨｜資生堂,資生堂ビューティージャーニー,UC86IXYUeQgUKqar6I3GSqkQ,https://www.youtube.com/channel/UC86IXYUeQgUKqar6I3GSqkQ,87900,87.9K subscribers,2024-10-12T10:00:06Z,2024-10-12,20533,,,18:12,https://www.youtube.com/watch?v=7Tv6WBPyq1Y,https://i.ytimg.com/vi/7Tv6WBPyq1Y/hq720.jpg?sqp=-oaymwEcCNAFEJQDSFXyq4qpAw4IARUAAIhCGAFwAcABBg==&rs=AOn4CLDiahoa6DKFjUOFXoh2I9SKvYbJNg,direct_competitor,資生堂 公式 メイク 基本 | 資生堂ビューティージャーニー メイク 基本,美容カテゴリ認識 | 質問/論点装置 | 手元/制作/実験,カテゴリ認識の基準棚
Mth9g0C_K5g,私たちの暮らしに役立つ「きぼう」の実験,JAXA | 宇宙航空研究開発機構,UCfMIdADo6FQayQCOkLYGhrQ,https://www.youtube.com/channel/UCfMIdADo6FQayQCOkLYGhrQ,432000,432K subscribers,2013-11-14T08:26:56Z,2013-11-14,20291,,,13:13,https://www.youtube.com/watch?v=Mth9g0C_K5g,https://i.ytimg.com/vi/Mth9g0C_K5g/hq720.jpg?sqp=-oaymwEcCNAFEJQDSFXyq4qpAw4IARUAAIhCGAFwAcABBg==&rs=AOn4CLBtvTC5eISHrYjZk-tvEagcqPLCAA,direct_competitor,JAXA 実験 解説,手元/制作/実験,カテゴリ認識の基準棚
7C0O07lRnUo,【LIXIL】スマート宅配ポストの操作説明,LIXIL Corporation,UCYX8qRBY9j5ucJbxFU5YB-w,https://www.youtube.com/channel/UCYX8qRBY9j5ucJbxFU5YB-w,31300,31.3K subscribers,2021-05-24T23:34:57Z,2021-05-24,20236,,,4:42,https://www.youtube.com/watch?v=7C0O07lRnUo,https://i.ytimg.com/vi/7C0O07lRnUo/hq720.jpg?sqp=-oaymwE2CNAFEJQDSFXyq4qpAygIARUAAIhCGAFwAcABBvABAfgB1AaAAuADigIMCAAQARhUIGUoXzAP&rs=AOn4CLBzePT5aPt8bZz3-YccnMdDt4VtoA,direct_competitor,LIXIL 使い方 解説,手順/チュートリアル | 画面操作/ソフト学習,操作画面を到達点で押す棚
5ttgv8j4tjg,[10 basic recipes] Classic taste! There is no loss to know ♪ | macaroni (macaroni),macaroni | マカロニ,UC6vzXCyUFiz0wMF6aIe7Isg,https://www.youtube.com/channel/UC6vzXCyUFiz0wMF6aIe7Isg,1160000,1.16M subscribers,2023-06-11T12:00:05Z,2023-06-11,18208,,,16:37,https://www.youtube.com/watch?v=5ttgv8j4tjg,https://i.ytimg.com/vi/5ttgv8j4tjg/hq720.jpg?sqp=-oaymwEcCNAFEJQDSFXyq4qpAw4IARUAAIhCGAFwAcABBg==&rs=AOn4CLDgd7WLTZgNwnNlfaQ2sCnPXnlPnQ,direct_competitor,macaroni マカロニ 基本 レシピ,教育カテゴリ認識,カテゴリ認識の基準棚
ynXKN0xFA5Y,【トヨタ決算解説🚙】27年3月期見通しは営業利益20％減、純利益22％減／営業利益率5.8％予想と15年ぶりの低さ／現金残高は12兆円と過去最高／半導体価格の高騰の影響が出る可能性も｜田中 彰一,日経CNBC 公式チャンネル,UClVsQnfs-jKkjKmUKUHnT2g,https://www.youtube.com/channel/UClVsQnfs-jKkjKmUKUHnT2g,205000,205K subscribers,2026-05-08T09:01:23Z,2026-05-08,18183,,,16:45,https://www.youtube.com/watch?v=ynXKN0xFA5Y,https://i.ytimg.com/vi/ynXKN0xFA5Y/hq720.jpg?sqp=-oaymwEcCNAFEJQDSFXyq4qpAw4IARUAAIhCGAFwAcABBg==&rs=AOn4CLDglEMPPJ4k-cJcaKmUscx_bXIa7Q,adjacent_youtube,日経CNBC 解説,経営/判断材料 | YouTubeテーマ,知的な成功法則棚
fzVkJne3OMI,Amazon CloudWatch の概要と基本【AWS Black Belt】,Amazon Web Services Japan 公式,UCnjKWUK2t5QJYfeqqilhJhQ,https://www.youtube.com/channel/UCnjKWUK2t5QJYfeqqilhJhQ,53000,53K subscribers,2023-04-05T02:33:45Z,2023-04-05,18041,,,1:00:44,https://www.youtube.com/watch?v=fzVkJne3OMI,https://i.ytimg.com/vi/fzVkJne3OMI/hqdefault.jpg?sqp=-oaymwEcCOADEI4CSFXyq4qpAw4IARUAAIhCGAFwAcABBg==&rs=AOn4CLAB3oPYbrHrp93lrctppyCffWzMwg,direct_competitor,Amazon Web Services Japan 公式 解説,棚観察候補,カテゴリ認識の基準棚
DU1NFUPKODI,現在形の本当の意味  - 関先生のスタンダードレベル英語 #英語 #english #英会話 #勉強 #受験,スタディサプリ,UCxLohCmWDYwpH5XZXDMf_9Q,https://www.youtube.com/channel/UCxLohCmWDYwpH5XZXDMf_9Q,170000,170K subscribers,2023-07-01T11:00:10Z,2023-07-01,17819,,,10:08,https://www.youtube.com/watch?v=DU1NFUPKODI,https://i.ytimg.com/vi/DU1NFUPKODI/hq720.jpg?sqp=-oaymwEcCNAFEJQDSFXyq4qpAw4IARUAAIhCGAFwAcABBg==&rs=AOn4CLB6M4xZPLncviz-0AK-f2qfeRkE8w,direct_competitor,スタディサプリ ENGLISH 解説,教育カテゴリ認識,カテゴリ認識の基準棚
i_jFExbgKvc,【365塾】Microsoft Lists 基礎講座,Microsoft 365 Japan,UCYtdGqRhfUG69GlOj1jdi5w,https://www.youtube.com/channel/UCYtdGqRhfUG69GlOj1jdi5w,45400,45.4K subscribers,2025-06-03T09:01:44Z,2025-06-03,17794,,,18:35,https://www.youtube.com/watch?v=i_jFExbgKvc,https://i.ytimg.com/vi/i_jFExbgKvc/hq720.jpg?sqp=-oaymwEcCNAFEJQDSFXyq4qpAw4IARUAAIhCGAFwAcABBg==&rs=AOn4CLDGn3D7g2EQYODUus5T0VdwCuLDVQ,direct_competitor,Microsoft 365 Japan 使い方 解説,教育カテゴリ認識 | 手順/チュートリアル,カテゴリ認識の基準棚
jCIyz81KkqM,[Makeup Basics] A must-see for beginners! A thorough explanation of makeup techniques that will n...,資生堂ビューティージャーニー,UC86IXYUeQgUKqar6I3GSqkQ,https://www.youtube.com/channel/UC86IXYUeQgUKqar6I3GSqkQ,87900,87.9K subscribers,2024-02-24T10:00:29Z,2024-02-24,17438,,,9:23,https://www.youtube.com/watch?v=jCIyz81KkqM,https://i.ytimg.com/vi/jCIyz81KkqM/hq720.jpg?sqp=-oaymwEcCNAFEJQDSFXyq4qpAw4IARUAAIhCGAFwAcABBg==&rs=AOn4CLD2IkIMz9MAupn82Wxi3wBKyJvvKA,direct_competitor,資生堂 公式 メイク 基本 | 資生堂ビューティージャーニー メイク 基本 | MAQUIAチャンネル メイク やり方,YouTubeテーマ | 手順/チュートリアル | 初心者導入 | 画面操作/ソフト学習 | 手元/制作/実験,操作画面を到達点で押す棚
jHAcFcElsnw,小型実験機（RV-X）飛行試験の準備状況に関する記者説明会,JAXA | 宇宙航空研究開発機構,UCfMIdADo6FQayQCOkLYGhrQ,https://www.youtube.com/channel/UCfMIdADo6FQayQCOkLYGhrQ,432000,432K subscribers,2026-02-27T07:30:43Z,2026-02-27,17256,,,1:25:46,https://www.youtube.com/watch?v=jHAcFcElsnw,https://i.ytimg.com/vi/jHAcFcElsnw/hq720.jpg?sqp=-oaymwEcCNAFEJQDSFXyq4qpAw4IARUAAIhCGAFwAcABBg==&rs=AOn4CLC6gBQLk8lhTSdgQkR8wJP78Pwmkg,direct_competitor,JAXA 実験 解説,手元/制作/実験,カテゴリ認識の基準棚
uPwy9pmkXPY,【365塾】Microsoft Planner 基礎講座,Microsoft 365 Japan,UCYtdGqRhfUG69GlOj1jdi5w,https://www.youtube.com/channel/UCYtdGqRhfUG69GlOj1jdi5w,45400,45.4K subscribers,2025-06-05T09:01:24Z,2025-06-05,16785,,,15:59,https://www.youtube.com/watch?v=uPwy9pmkXPY,https://i.ytimg.com/vi/uPwy9pmkXPY/hq720.jpg?sqp=-oaymwEcCNAFEJQDSFXyq4qpAw4IARUAAIhCGAFwAcABBg==&rs=AOn4CLBUgI4xSckJbSMXBlyYFyD2gTTB3Q,direct_competitor,Microsoft 365 Japan 使い方 解説,教育カテゴリ認識 | 手順/チュートリアル,カテゴリ認識の基準棚
ZlPmt5a2qGI,"宇宙の実験室　「きぼう」日本実験棟 ～Japanese Experiment Module ""Kibo""～",JAXA | 宇宙航空研究開発機構,UCfMIdADo6FQayQCOkLYGhrQ,https://www.youtube.com/channel/UCfMIdADo6FQayQCOkLYGhrQ,432000,432K subscribers,2011-12-28T04:19:04Z,2011-12-28,16438,,,15:49,https://www.youtube.com/watch?v=ZlPmt5a2qGI,https://i.ytimg.com/vi/ZlPmt5a2qGI/hq720.jpg?sqp=-oaymwE2CNAFEJQDSFXyq4qpAygIARUAAIhCGAFwAcABBvABAfgB_gmAAtAFigIMCAAQARhIIGUoWTAP&rs=AOn4CLAl9WNdrQDlKj_knE2wuW7QWyAaEA,direct_competitor,JAXA 実験 解説,手元/制作/実験,カテゴリ認識の基準棚
tCJDlMsuBhk,【スタディサプリENGLISH】基礎英文法講義　名詞,スタディサプリ ENGLISH,UCphswhm1FXlTEXn0xNbFUlQ,https://www.youtube.com/channel/UCphswhm1FXlTEXn0xNbFUlQ,30400,30.4K subscribers,2019-07-17T06:52:08Z,2019-07-17,16126,,,4:03,https://www.youtube.com/watch?v=tCJDlMsuBhk,https://i.ytimg.com/vi/tCJDlMsuBhk/hq720.jpg?sqp=-oaymwEcCNAFEJQDSFXyq4qpAw4IARUAAIhCGAFwAcABBg==&rs=AOn4CLAkGnio-pR9S6b2HSAEKp9yUC2tUA,direct_competitor,スタディサプリ ENGLISH 解説,ホワイトボード/例題,カテゴリ認識の基準棚
RHRrY1uuVlM,【休校中特別授業】電波で輝く天の川〜最も広大で詳しい天の川の電波地図作り—梅本智文（国立天文台助教）,国立天文台 (NAOJ),UCe3kXTl3OjqchQseJe3qmvg,https://www.youtube.com/channel/UCe3kXTl3OjqchQseJe3qmvg,107000,107K subscribers,2020-04-28T07:20:51Z,2020-04-28,16043,,,1:09:36,https://www.youtube.com/watch?v=RHRrY1uuVlM,https://i.ytimg.com/vi/RHRrY1uuVlM/hq720.jpg?sqp=-oaymwEcCNAFEJQDSFXyq4qpAw4IARUAAIhCGAFwAcABBg==&rs=AOn4CLDp9o8mUOaZEPDPgUgKLgfWX4IP4Q,direct_competitor,国立天文台 解説,教育カテゴリ認識,カテゴリ認識の基準棚
akTV_-DompI,アイロン使い方動画 実践編【パナソニック公式】,Panasonic Japan（パナソニック公式）,UCWfg-7LoIeXDLWb_8jpvjnA,https://www.youtube.com/channel/UCWfg-7LoIeXDLWb_8jpvjnA,164000,164K subscribers,2024-10-08T10:00:15Z,2024-10-08,15948,,,5:54,https://www.youtube.com/watch?v=akTV_-DompI,https://i.ytimg.com/vi/akTV_-DompI/hq720.jpg?sqp=-oaymwE2CNAFEJQDSFXyq4qpAygIARUAAIhCGAFwAcABBvABAfgB_gmAAtAFigIMCAAQARhlIF4oVDAP&rs=AOn4CLCFCFoMAd2vOov0K2GzN5QwIY3zSw,direct_competitor,Panasonic Japan 使い方 実践,実演/ハンズオン | 手順/チュートリアル,カテゴリ認識の基準棚
-Sz8S_oiVDQ,あじの下ごしらえ【オレンジページ：料理の基礎】,オレンジページ,UC59x74uwOrBaB6hwtC-4grg,https://www.youtube.com/channel/UC59x74uwOrBaB6hwtC-4grg,32000,32K subscribers,2009-09-29T11:14:50Z,2009-09-29,15865,,,3:18,https://www.youtube.com/watch?v=-Sz8S_oiVDQ,https://i.ytimg.com/vi/-Sz8S_oiVDQ/hqdefault.jpg?sqp=-oaymwE2COADEI4CSFXyq4qpAygIARUAAIhCGAFwAcABBvABAfgB_gSAAuADigIMCAAQARhyIFMoNTAP&rs=AOn4CLDqmdzv-BJTRjnTgci2vZYSVkB1qw,direct_competitor,オレンジページ 料理 基礎,手元/制作/実験,カテゴリ認識の基準棚
8Y5jVthTaqk,【365塾】Microsoft Forms 基礎講座,Microsoft 365 Japan,UCYtdGqRhfUG69GlOj1jdi5w,https://www.youtube.com/channel/UCYtdGqRhfUG69GlOj1jdi5w,45400,45.4K subscribers,2025-05-29T09:00:53Z,2025-05-29,15623,,,15:10,https://www.youtube.com/watch?v=8Y5jVthTaqk,https://i.ytimg.com/vi/8Y5jVthTaqk/hq720.jpg?sqp=-oaymwEcCNAFEJQDSFXyq4qpAw4IARUAAIhCGAFwAcABBg==&rs=AOn4CLCGaBX94-EEPra3tEzp4Xch44gJsQ,direct_competitor,Microsoft 365 Japan 使い方 解説,教育カテゴリ認識 | 手順/チュートリアル,カテゴリ認識の基準棚
Ts4pQD5RXSI,Experiments: Scientific Experiments That Shaped Modern Technology (5) The Mystery of Air: Changes...,SCIENCE CHANNEL（JST）,UCHpFyLQgg4h9VZuFyby7RbQ,https://www.youtube.com/channel/UCHpFyLQgg4h9VZuFyby7RbQ,623000,623K subscribers,2014-01-21T01:08:57Z,2014-01-21,14725,,,5:00,https://www.youtube.com/watch?v=Ts4pQD5RXSI,https://i.ytimg.com/vi/Ts4pQD5RXSI/hqdefault.jpg?sqp=-oaymwEcCOADEI4CSFXyq4qpAw4IARUAAIhCGAFwAcABBg==&rs=AOn4CLBeJtgsujGv7oRj9usALPR_kFmpww,direct_competitor,SCIENCE CHANNEL JST 実験,手元/制作/実験,カテゴリ認識の基準棚
Om7nD2pNTR8,【日本株】2026年企業決算解説／注目は最高配当企業❓／累進配当銘柄を探す／村田製作所は14年連続増配で現金残高も過去最高水準／OLCは減益も増配方針／増配企業の見極め方｜日本経済新聞社 田中 彰一氏,日経CNBC 公式チャンネル,UClVsQnfs-jKkjKmUKUHnT2g,https://www.youtube.com/channel/UClVsQnfs-jKkjKmUKUHnT2g,205000,205K subscribers,2026-05-12T08:00:21Z,2026-05-12,14644,,,16:45,https://www.youtube.com/watch?v=Om7nD2pNTR8,https://i.ytimg.com/vi/Om7nD2pNTR8/hq720.jpg?sqp=-oaymwEcCNAFEJQDSFXyq4qpAw4IARUAAIhCGAFwAcABBg==&rs=AOn4CLBg7NATn-eEaGDd5DpFxe3WT2a7Tw,adjacent_youtube,日経CNBC 解説,YouTubeテーマ,カテゴリ認識の基準棚
5mTJ9X4910E,How to develop real-time games on Android: Google Developer Day 2009 Japan,GoogleDevelopersJA,UCGGcpFh0xBuBLAX1yf6_vEg,https://www.youtube.com/channel/UCGGcpFh0xBuBLAX1yf6_vEg,1760,1.76K subscribers,2009-07-03T17:18:12Z,2009-07-03,14455,,,42:15,https://www.youtube.com/watch?v=5mTJ9X4910E,https://i.ytimg.com/vi/5mTJ9X4910E/hqdefault.jpg?sqp=-oaymwE2COADEI4CSFXyq4qpAygIARUAAIhCGAFwAcABBvABAfgB_gSAAuADigIMCAAQARhlIE8oTDAP&rs=AOn4CLAQ83X3hPinUojocA_6m62aKswPxQ,direct_competitor,GoogleDevelopersJA 解説 | Google Developers Japan 解説,手順/チュートリアル,カテゴリ認識の基準棚
RBFXSjJrnWg,キットの使い方【学研の科学　古代生物カブトエビの世界】,学研の科学と学習 公式,UCqXAxrXEprZavbmCzVbFXqA,https://www.youtube.com/channel/UCqXAxrXEprZavbmCzVbFXqA,4820,4.82K subscribers,2024-06-04T14:23:46Z,2024-06-04,14255,,,7:23,https://www.youtube.com/watch?v=RBFXSjJrnWg,https://i.ytimg.com/vi/RBFXSjJrnWg/hq720.jpg?sqp=-oaymwE2CNAFEJQDSFXyq4qpAygIARUAAIhCGAFwAcABBvABAfgB_gmAAtAFigIMCAAQARhlIFcoTzAP&rs=AOn4CLCMoq-PM7anreMuSK9HIS5iDe3SiQ,direct_competitor,学研の科学 実験 解説,教育カテゴリ認識 | 手順/チュートリアル | 手元/制作/実験,カテゴリ認識の基準棚
4dyiPsYXG8I,AWS CloudFormation#1 基礎編【AWS Black Belt】,Amazon Web Services Japan 公式,UCnjKWUK2t5QJYfeqqilhJhQ,https://www.youtube.com/channel/UCnjKWUK2t5QJYfeqqilhJhQ,53000,53K subscribers,2023-07-31T10:58:41Z,2023-07-31,13596,,,15:16,https://www.youtube.com/watch?v=4dyiPsYXG8I,https://i.ytimg.com/vi/4dyiPsYXG8I/hq720.jpg?sqp=-oaymwEcCNAFEJQDSFXyq4qpAw4IARUAAIhCGAFwAcABBg==&rs=AOn4CLC26owdRekiLb1Wrg4onOMD612iIg,direct_competitor,Amazon Web Services Japan 公式 解説,棚観察候補,カテゴリ認識の基準棚
1ALvDtb2ziM,[AWS Black Belt Online Seminar] Amazon EC2入門,Amazon Web Services Japan 公式,UCnjKWUK2t5QJYfeqqilhJhQ,https://www.youtube.com/channel/UCnjKWUK2t5QJYfeqqilhJhQ,53000,53K subscribers,2021-12-09T08:35:29Z,2021-12-09,13418,,,32:13,https://www.youtube.com/watch?v=1ALvDtb2ziM,https://i.ytimg.com/vi/1ALvDtb2ziM/hqdefault.jpg?sqp=-oaymwEcCOADEI4CSFXyq4qpAw4IARUAAIhCGAFwAcABBg==&rs=AOn4CLBK1RtE-d1KOJzAposKnXVEiJqPmw,direct_competitor,Amazon Web Services Japan 公式 解説,初心者導入,カテゴリ認識の基準棚
fPXjQj9XsLA,GIGAスクール特別講座～宇宙をのぞいて、世界を知ろう～,国立天文台 (NAOJ),UCe3kXTl3OjqchQseJe3qmvg,https://www.youtube.com/channel/UCe3kXTl3OjqchQseJe3qmvg,107000,107K subscribers,2022-05-24T06:57:40Z,2022-05-24,13164,,,51:13,https://www.youtube.com/watch?v=fPXjQj9XsLA,https://i.ytimg.com/vi/fPXjQj9XsLA/hq720.jpg?sqp=-oaymwEcCNAFEJQDSFXyq4qpAw4IARUAAIhCGAFwAcABBg==&rs=AOn4CLClQNyRDMZ5bMHh4U4XzESZ2rr29A,direct_competitor,国立天文台 解説,教育カテゴリ認識,カテゴリ認識の基準棚
4anRORwdzwg,【S&P500はまだ上がる？8000ポイントへの条件│ニッセイ基礎研究所 前山裕亮氏】S&P500最高値圏でも過熱感は限定的？／AI主導相場の限界と次の調整リスク／PER21倍は高いのか、妥当なのか,日経CNBC 公式チャンネル,UClVsQnfs-jKkjKmUKUHnT2g,https://www.youtube.com/channel/UClVsQnfs-jKkjKmUKUHnT2g,205000,205K subscribers,2026-05-04T08:00:04Z,2026-05-04,12589,,,16:40,https://www.youtube.com/watch?v=4anRORwdzwg,https://i.ytimg.com/vi/4anRORwdzwg/hq720.jpg?sqp=-oaymwEcCNAFEJQDSFXyq4qpAw4IARUAAIhCGAFwAcABBg==&rs=AOn4CLD3v3ZnWEk42hM_wLV4h1nMJtxZ3A,adjacent_youtube,日経CNBC 解説,YouTubeテーマ,カテゴリ認識の基準棚
wQ8ZDvoMSno,Amazon Simple Storage Service (Amazon S3) 入門編,Amazon Web Services Japan 公式,UCnjKWUK2t5QJYfeqqilhJhQ,https://www.youtube.com/channel/UCnjKWUK2t5QJYfeqqilhJhQ,53000,53K subscribers,2022-12-12T07:14:22Z,2022-12-12,12469,,,20:53,https://www.youtube.com/watch?v=wQ8ZDvoMSno,https://i.ytimg.com/vi/wQ8ZDvoMSno/hqdefault.jpg?sqp=-oaymwEcCOADEI4CSFXyq4qpAw4IARUAAIhCGAFwAcABBg==&rs=AOn4CLBQWRDIDUgmI5oMVoq_zT-cEuUIyw,direct_competitor,Amazon Web Services Japan 公式 解説,初心者導入,カテゴリ認識の基準棚
stpz_SNiWmA,Amazon ECS 入門【AWS Black Belt】,Amazon Web Services Japan 公式,UCnjKWUK2t5QJYfeqqilhJhQ,https://www.youtube.com/channel/UCnjKWUK2t5QJYfeqqilhJhQ,53000,53K subscribers,2024-09-02T06:46:17Z,2024-09-02,12235,,,36:04,https://www.youtube.com/watch?v=stpz_SNiWmA,https://i.ytimg.com/vi/stpz_SNiWmA/hq720.jpg?sqp=-oaymwEcCNAFEJQDSFXyq4qpAw4IARUAAIhCGAFwAcABBg==&rs=AOn4CLAkSBlLqp8fiume0qEMwNtRSfoGpA,direct_competitor,Amazon Web Services Japan 公式 解説,初心者導入,カテゴリ認識の基準棚
K51Q9QBUA-Y,なぜ今コンテナなのか【AWS Black Belt】,Amazon Web Services Japan 公式,UCnjKWUK2t5QJYfeqqilhJhQ,https://www.youtube.com/channel/UCnjKWUK2t5QJYfeqqilhJhQ,53000,53K subscribers,2024-07-16T11:25:36Z,2024-07-16,12233,,,24:26,https://www.youtube.com/watch?v=K51Q9QBUA-Y,https://i.ytimg.com/vi/K51Q9QBUA-Y/hq720.jpg?sqp=-oaymwEcCNAFEJQDSFXyq4qpAw4IARUAAIhCGAFwAcABBg==&rs=AOn4CLDOX5QZvalgJNvfN2vod7b_6GeLvw,direct_competitor,Amazon Web Services Japan 公式 解説,質問/論点装置,カテゴリ認識の基準棚
gsnZ3shsbpk,【@cosme公式】現役美容部員がガチレビュー！クチコミランキングTOP10を徹底解説,【アットコスメ公式】教えて美容部員さん,UC0TCxDEqZ7jIMtthSi0eNHA,https://www.youtube.com/channel/UC0TCxDEqZ7jIMtthSi0eNHA,25700,25.7K subscribers,2026-03-26T09:01:00Z,2026-03-26,11650,,,25:03,https://www.youtube.com/watch?v=gsnZ3shsbpk,https://i.ytimg.com/vi/gsnZ3shsbpk/hq720.jpg?sqp=-oaymwEcCNAFEJQDSFXyq4qpAw4IARUAAIhCGAFwAcABBg==&rs=AOn4CLBdjdzzpLtJO59CgdP5yCF_MaK7vg,direct_competitor,@cosme 公式 教えて美容部員,美容カテゴリ認識 | 比較/判定,比較・判定で押す棚
YYfF4rveSIk,【365塾】OneDrive 基礎講座,Microsoft 365 Japan,UCYtdGqRhfUG69GlOj1jdi5w,https://www.youtube.com/channel/UCYtdGqRhfUG69GlOj1jdi5w,45400,45.4K subscribers,2025-07-03T09:00:54Z,2025-07-03,10064,,,12:07,https://www.youtube.com/watch?v=YYfF4rveSIk,https://i.ytimg.com/vi/YYfF4rveSIk/hq720.jpg?sqp=-oaymwEcCNAFEJQDSFXyq4qpAw4IARUAAIhCGAFwAcABBg==&rs=AOn4CLC2AE9x7WXsJkV4Yh4EzPvgHBjfqQ,direct_competitor,Microsoft 365 Japan 使い方 解説,教育カテゴリ認識 | 手順/チュートリアル,カテゴリ認識の基準棚
oCbMsk8r3I8,教えて！新型コロナウイルス 第5話 ～変異の仕組み～,rikenchannel,UCIGmhpdcVev1Wc0YK7FHIig,https://www.youtube.com/channel/UCIGmhpdcVev1Wc0YK7FHIig,30700,30.7K subscribers,2022-03-07T02:30:10Z,2022-03-07,9857,,,5:18,https://www.youtube.com/watch?v=oCbMsk8r3I8,https://i.ytimg.com/vi/oCbMsk8r3I8/hq720.jpg?sqp=-oaymwEcCNAFEJQDSFXyq4qpAw4IARUAAIhCGAFwAcABBg==&rs=AOn4CLAsvoc9LL2QksPoyZgEl5KfQrjpBw,direct_competitor,rikenchannel 解説,棚観察候補,カテゴリ認識の基準棚
hROnM-KD0fg,【365塾】Microsoft To Do 基礎講座,Microsoft 365 Japan,UCYtdGqRhfUG69GlOj1jdi5w,https://www.youtube.com/channel/UCYtdGqRhfUG69GlOj1jdi5w,45400,45.4K subscribers,2025-06-26T09:00:37Z,2025-06-26,8898,,,7:22,https://www.youtube.com/watch?v=hROnM-KD0fg,https://i.ytimg.com/vi/hROnM-KD0fg/hq720.jpg?sqp=-oaymwEcCNAFEJQDSFXyq4qpAw4IARUAAIhCGAFwAcABBg==&rs=AOn4CLBbd0M9OgdnywjJKTKbYdDzTM-lyg,direct_competitor,Microsoft 365 Japan 使い方 解説,教育カテゴリ認識 | 手順/チュートリアル,カテゴリ認識の基準棚
OBPf8PXuVO8,【日経平均高値圏個人投資家はどう動く？│個人投資家 横山利香氏】横山利香流・NISAの使い分け／積立？成長枠？NISAの使い分けを解説／成長枠は「急落・決算」を狙う／NISAは「業績＋下落局面」で活用,日経CNBC 公式チャンネル,UClVsQnfs-jKkjKmUKUHnT2g,https://www.youtube.com/channel/UClVsQnfs-jKkjKmUKUHnT2g,205000,205K subscribers,2026-02-15T09:00:26Z,2026-02-15,8740,,,18:15,https://www.youtube.com/watch?v=OBPf8PXuVO8,https://i.ytimg.com/vi/OBPf8PXuVO8/hq720.jpg?sqp=-oaymwEcCNAFEJQDSFXyq4qpAw4IARUAAIhCGAFwAcABBg==&rs=AOn4CLCsiD4Zqp22nqtQ1bc7sAVnJuikYQ,adjacent_youtube,日経CNBC 解説,ゲスト権威 | YouTubeテーマ,カテゴリ認識の基準棚
3tZGqxcqDtI,[Basic Nikujaga] A detailed explanation of the tricks to make it easy for beginners to make! A cl...,macaroni | マカロニ,UC6vzXCyUFiz0wMF6aIe7Isg,https://www.youtube.com/channel/UC6vzXCyUFiz0wMF6aIe7Isg,1160000,1.16M subscribers,2025-04-27T10:00:05Z,2025-04-27,8727,,,6:16,https://www.youtube.com/watch?v=3tZGqxcqDtI,https://i.ytimg.com/vi/3tZGqxcqDtI/hq720.jpg?sqp=-oaymwEcCNAFEJQDSFXyq4qpAw4IARUAAIhCGAFwAcABBg==&rs=AOn4CLB8QdhEXQCJwGbpjjczX_Bxh1cQew,direct_competitor,macaroni マカロニ 基本 レシピ,初心者導入,カテゴリ認識の基準棚
boUMu_I91sc,[Learn Photoshop CS6] 01 Photoshopとは？,AdobeCreativeStation,UCT_ByvEol9W0T6MwdL0j0Dw,https://www.youtube.com/channel/UCT_ByvEol9W0T6MwdL0j0Dw,180000,180K subscribers,2012-06-25T02:08:26Z,2012-06-25,8548,,,9:20,https://www.youtube.com/watch?v=boUMu_I91sc,https://i.ytimg.com/vi/boUMu_I91sc/hq720.jpg?sqp=-oaymwEcCNAFEJQDSFXyq4qpAw4IARUAAIhCGAFwAcABBg==&rs=AOn4CLD99tsc4BgF2c_G4r_DTg2GnsmnMw,direct_competitor,AdobeCreativeStation Photoshop,教育カテゴリ認識 | 画面操作/ソフト学習,カテゴリ認識の基準棚